city,ota_hotel_id,master_id,name,name_en,address,latitude,longitude,url,rooms_number
Иркутск,azimut_aeroport_irkutsk_hotel,13317260,AZIMUT Отель Аэропорт Иркутск 4*,AZIMUT Hotel Airport Irkutsk 4*,"ул. Ширямова, 10А, Иркутск",52.27366,104.35384,https://ostrovok.ru/hotel/russia/irkutsk/mid13317260/azimut_aeroport_irkutsk_hotel,100
Братск,taiga_2,6923154,Отель Тайга,Taiga Hotel,"улица Мира, дом 35, Братск",56.15637,101.621925,https://ostrovok.ru/hotel/russia/irkutsk/mid6923154/taiga_2,101
Иркутск,hotel_premium_hotel_pushkin,13310309,Премиум-отель Пушкин,Pushkin Premium Hotel,"ул. Сухэ-Батора, 18, Иркутск",52.28322,104.28573,https://ostrovok.ru/hotel/russia/irkutsk/mid13310309/hotel_premium_hotel_pushkin,46
Братск,klubnyij_kvartal_apartments,9081992,Клубный Квартал,Klubnyij Kvartal,"бульвар Победы, д.30, Братск",56.150185,101.64935,https://ostrovok.ru/hotel/russia/irkutsk/mid9081992/klubnyij_kvartal_apartments,48
Иркутск,otel_irkut,8348721,Отель Иркут,Irkut Hotel,"улица Пролетарская, д.7, Иркутск",52.288887,104.28529,https://ostrovok.ru/hotel/russia/irkutsk/mid8348721/otel_irkut,30
Хужир,hotel_olkhonhill,10219118,Отель Olkhon-hill,Hotel Olkhon-Hill,"улица Ворошилова 28, Хужир",53.19986,107.35024,https://ostrovok.ru/hotel/russia/irkutsk/mid10219118/hotel_olkhonhill,17
Иркутск,hotel_harats_inn,13752679,Отель Harat's inn,Hotel Harat's inn,"ул Дальневосточная, д. 158/6, Иркутск",52.253967,104.32385,https://ostrovok.ru/hotel/russia/irkutsk/mid13752679/hotel_harats_inn,12
Никола,hotel_nikola_2,8748287,Отель Никола,Nikola Hotel,"Байкальский тракт 64-й км, поселок Никола, улица Ангарская, д. 15, Никола",51.892323,104.82522,https://ostrovok.ru/hotel/russia/irkutsk/mid8748287/hotel_nikola_2,27
Иркутск,divobaykala_flat_1,13373670,Диво Байкала 1,DivoBaykala 1,"улица 4-я Железнодорожная, д.57, Иркутск",52.279198,104.2479,https://ostrovok.ru/hotel/russia/irkutsk/mid13373670/divobaykala_flat_1,
Большое Голоустное,wind_lake_guest_house,13437748,Wind Lake,Wind Lake,"2-я Рейдовая улица, д.12, Большое Голоустное",52.027744,105.404976,https://ostrovok.ru/hotel/russia/irkutsk/mid13437748/wind_lake_guest_house,15
Листвянка,baykal_khan_listvyanka,10360512,Отель Байкал Хан п.Листвянка,Baykal Khan p. Listvyanka Hotel,"рп. Листвянка, ул Гудина, д. 22а, Листвянка",51.846184,104.878456,https://ostrovok.ru/hotel/russia/irkutsk/mid10360512/baykal_khan_listvyanka,18
Листвянка,podlemorie_hotel,7679750,Отель Подлеморье,Podlemore Hotel,"улица Горького, д.31Б, Листвянка",51.854576,104.862686,https://ostrovok.ru/hotel/russia/irkutsk/mid7679750/podlemorie_hotel,14
Иркутск,miniotel_good_hotel,10013559,Мини-Отель Good Hotel,Good Hotel Mini-Hotel,"ул Сибирская, стр. 21/2, помещ. 1, Иркутск",52.26237,104.30276,https://ostrovok.ru/hotel/russia/irkutsk/mid10013559/miniotel_good_hotel,6
Ангарск,hotel_angara,6715745,Отель Ангара-Приоритет,Angara-Prioritet Hotel,"Квартал Б, д.13, Ангарск",52.50619,103.83226,https://ostrovok.ru/hotel/russia/irkutsk/mid6715745/hotel_angara,31
Листвянка,baykal_shale_guest_house,13431413,Байкал Шале,Baykal Shale,"улица Гудина, д.75, Листвянка",51.850624,104.8825,https://ostrovok.ru/hotel/russia/irkutsk/mid13431413/baykal_shale_guest_house,11
Листвянка,guest_house_baykaliya,13428580,Байкалия,Baykaliya,"Горная улица, 15, Листвянка",51.859745,104.86126,https://ostrovok.ru/hotel/russia/irkutsk/mid13428580/guest_house_baykaliya,
Байкальск,grand_baikal,8481257,Отель Гранд Байкал,Grand Bajkal Hotel,"мкр. Красный Ключ, 91, Байкальск",51.509495,104.120804,https://ostrovok.ru/hotel/russia/irkutsk/mid8481257/grand_baikal,64
Иркутск,inn_business_hall,8735100,Отель Business Hall,Business Hall Hotel,"улица Свердлова, д.10, Иркутск",52.282608,104.27683,https://ostrovok.ru/hotel/russia/irkutsk/mid8735100/inn_business_hall,18
Иркутск,empire_hotel_3,7829344,Гостиница Империя,Empire Hotel,"улица Польских Повстанцев, стр. 1а/2, Иркутск",52.292038,104.2837,https://ostrovok.ru/hotel/russia/irkutsk/mid7829344/empire_hotel_3,49
Иркутск,history_boutiquehotel,9741097,Отель HISTORY Бутик-отель и СПА,HISTORY Boutique Hotel & SPA Hotel,"улица 3 Июля, д.26, Иркутск",52.27124,104.29095,https://ostrovok.ru/hotel/russia/irkutsk/mid9741097/history_boutiquehotel,40
Иркутск,atlas_hotel_3,7883850,Гостиница Атлас,Atlas Hotel,"проезд Атласова, д.9, Иркутск",52.264576,104.32704,https://ostrovok.ru/hotel/russia/irkutsk/mid7883850/atlas_hotel_3,29
Иркутск,mini_hotel_vizit,13384141,Гостиница Визит,Hotel Vizit,"ул Софьи Перовской, стр. 30, помещ. 4, Иркутск",52.28137,104.30118,https://ostrovok.ru/hotel/russia/irkutsk/mid13384141/mini_hotel_vizit,8
Хужир,olkhonstory_guest_house,8876953,История Ольхона,Olkhon Story,"улица Народная, д.19, Хужир",53.197918,107.35988,https://ostrovok.ru/hotel/russia/irkutsk/mid8876953/olkhonstory_guest_house,6
Иркутск,baikal_business_center_hotel,7827545,Отель Байкал Бизнес Центр,Baikal Business Center Hotel,"улица Байкальская, д.279, Иркутск",52.257786,104.35341,https://ostrovok.ru/hotel/russia/irkutsk/mid7827545/baikal_business_center_hotel,59
Хужир,eko_baikalwood_hotel,8737003,Отель БайкалВуд,BaikalWood Hotel,"улица Светлая, д.5, Хужир",53.193813,107.3616,https://ostrovok.ru/hotel/russia/irkutsk/mid8737003/eko_baikalwood_hotel,44
Хужир,gostevoy_dom_sunrise,10485526,Sunrise,Sunrise,"Первомайская улица, 25А, Хужир",53.196953,107.33776,https://ostrovok.ru/hotel/russia/irkutsk/mid10485526/gostevoy_dom_sunrise,
Листвянка,the_sky_of_lake_baikal,13459275,Небо Байкала,Nebo Baykala,"улица Горького, д.133/2, Листвянка",51.842533,104.88071,https://ostrovok.ru/hotel/russia/irkutsk/mid13459275/the_sky_of_lake_baikal,
Листвянка,larus,9828888,Отель Ларус,Larus Hotel,"улица Октябрьская, дом 8, Листвянка",51.87526,104.83128,https://ostrovok.ru/hotel/russia/irkutsk/mid9828888/larus,14
Нижнеудинск,lyuks_hotel_4,10613305,Отель Люкс,Lyuks Hotel,"улица Просвещения, д. 17, Нижнеудинск",54.919167,99.04945,https://ostrovok.ru/hotel/russia/irkutsk/mid10613305/lyuks_hotel_4,15
Никола,hotel_anastasiya_2,13164685,Отель ГК Анастасия,Anastasiya GK Hotel,"улица Ангарская, 8/2, Никола",51.891804,104.825165,https://ostrovok.ru/hotel/russia/irkutsk/mid13164685/hotel_anastasiya_2,26
Листвянка,domik_na_kholme_guest_house,13329776,Меблированные комнаты Домик на холме,Domik Na Kholme,"улица Суворова, д.19, Листвянка",51.86662,104.84517,https://ostrovok.ru/hotel/russia/irkutsk/mid13329776/domik_na_kholme_guest_house,
Иркутск,city_park_hotel_13,9987117,Меблированные комнаты City Park,City Park Living quarters,"улица Красных Мадьяр, 29, Иркутск",52.273567,104.30006,https://ostrovok.ru/hotel/russia/irkutsk/mid9987117/city_park_hotel_13,
Байкальск,hotel_kurshavel_,6456691,Отель Куршавель,Kurshavel Hotel,"микрорайон Южный, 1-й квартал, д.6, Байкальск",51.505707,104.14502,https://ostrovok.ru/hotel/russia/irkutsk/mid6456691/hotel_kurshavel_,15
Иркутск,hotel_arakhis,13963961,Отель Арахис,Hotel Arakhis,"улица Рабочая, д. 25, Иркутск",52.29247,104.28927,https://ostrovok.ru/hotel/russia/irkutsk/mid13963961/hotel_arakhis,8
Слюдянка,tikhaya_gavan_4,9989818,"Отель ""Тихая Гавань""","Hotel ""tikhaya Gavan""","улица 40 лет Октября, 56, Слюдянка",51.65654,103.72979,https://ostrovok.ru/hotel/russia/irkutsk/mid9989818/tikhaya_gavan_4,12
Иркутск,smart_hotel_kdo_irkutsk_hotel,10153381,Отель Smart Hotel Иркутск,Smart Hotel Irkutsk Hotel,"улица Челнокова, д.1, Иркутск",52.284367,104.25831,https://ostrovok.ru/hotel/russia/irkutsk/mid10153381/smart_hotel_kdo_irkutsk_hotel,7
Листвянка,miniotel_serdtse_baykala,11310800,Сердце Байкала,Serdtse Baykala,"улица Островского, 39, Листвянка",51.862244,104.869156,https://ostrovok.ru/hotel/russia/irkutsk/mid11310800/miniotel_serdtse_baykala,
Нижнеудинск,uda_2,8752619,Отель УДА,UDA Hotel,"улица Ленина, д.1, Нижнеудинск",54.909504,99.03558,https://ostrovok.ru/hotel/russia/irkutsk/mid8752619/uda_2,45
Листвянка,alaniya,10003444,Алания,Alaniya,"улица Суворова, д.5В, Листвянка",51.86549,104.84128,https://ostrovok.ru/hotel/russia/irkutsk/mid10003444/alaniya,
Хужир,guest_house_baykal,13644417,В объятиях Байкала,V Objyatiyakh Baikala Living quarters,"Переулок Олимпийский д. 4, Хужир",53.188156,107.33027,https://ostrovok.ru/hotel/russia/irkutsk/mid13644417/guest_house_baykal,
Иркутск,angara_hotel,7806182,Ангара Отель,Angara Hotel,"улица Сухэ-Батора, д.7, Иркутск",52.287533,104.28244,https://ostrovok.ru/hotel/russia/irkutsk/mid7806182/angara_hotel,300
Иркутск,minihotel_albatros,6481029,Гостиница Альбатрос,Albatros Hotel,"улица Ширямова, стр.15б/1, Иркутск",52.261833,104.35391,https://ostrovok.ru/hotel/russia/irkutsk/mid6481029/minihotel_albatros,12
Иркутск,international_hotel_sayen,7384846,SAYEN,SAYEN Hotel,"ул. Карла Маркса, 13Б, Иркутск",52.282074,104.283806,https://ostrovok.ru/hotel/russia/irkutsk/mid7384846/international_hotel_sayen,25
Иркутск,dohodnyij_dom_listratvoj_butikhotel,9024017,Отель Доходный дом Листратовой,Dohodnyij Dom Listratovoj Hotel,"Подгорная улица, д.16, Иркутск",52.277744,104.29269,https://ostrovok.ru/hotel/russia/irkutsk/mid9024017/dohodnyij_dom_listratvoj_butikhotel,15
Листвянка,baykal_guest_house_3,13308043,Меблированные комнаты Байкал,Baykal Lodging house,"улица Горная, д. 8А, Листвянка",51.857647,104.859604,https://ostrovok.ru/hotel/russia/irkutsk/mid13308043/baykal_guest_house_3,
Хужир,hotel_flagman_olkhona,10019347,Отель Флагман Ольхона,Flagman Olkhona Hotel,"улица Молодёжная, д.1, Хужир",53.19252,107.35624,https://ostrovok.ru/hotel/russia/irkutsk/mid10019347/hotel_flagman_olkhona,15
Хужир,baza_otdykha_gostiny_dvor_vdokhnovenie,10438999,Отель Гостиный Двор Вдохновение,Gostiny Dvor Vdokhnovenie Hotel,"ул. Северная, д. 5/2, Хужир",53.196358,107.35481,https://ostrovok.ru/hotel/russia/irkutsk/mid10438999/baza_otdykha_gostiny_dvor_vdokhnovenie,34
Хужир,gostevoj_dom_otdyih_na_bajkale,10014826,Отель Отдых на Байкале,Otdyih Na Bajkale Hotel,"улица Горького, 3А, Хужир",53.191357,107.33796,https://ostrovok.ru/hotel/russia/irkutsk/mid10014826/gostevoj_dom_otdyih_na_bajkale,11
Иркутск,rus_hotel_irkutsk,7774831,Гостиничный Комплекс Русь,Rus Hotel,"улица Свердлова,19, Иркутск",52.28431,104.27926,https://ostrovok.ru/hotel/russia/irkutsk/mid7774831/rus_hotel_irkutsk,56
Иркутск,armat_hotel,8755884,Отель Армат,Armat Hotel,"улица Ширямова, д.33, Иркутск",52.256546,104.34678,https://ostrovok.ru/hotel/russia/irkutsk/mid8755884/armat_hotel,40
Листвянка,vera_baikal,13308776,Отель Вера Байкал,Vera Baykal Hotel,"улица Горького, 8, Листвянка",51.843483,104.87859,https://ostrovok.ru/hotel/russia/irkutsk/mid13308776/vera_baikal,38
Иркутск,yakovlev_hotel,8742012,Отель Яковлевъ,Yakovlev` Hotel,"улица Тимирязева, д.9, Иркутск",52.27755,104.28911,https://ostrovok.ru/hotel/russia/irkutsk/mid8742012/yakovlev_hotel,25
Иркутск,lotos_hotel,7744038,Отель Лотос,Lotos Hotel,"Байкальская улица, д.14 Б, Иркутск",52.278976,104.29911,https://ostrovok.ru/hotel/russia/irkutsk/mid7744038/lotos_hotel,23
Листвянка,mayak_hotel_listvyanka,7816262,Отель Маяк,Mayak Hotel,"улица Горького, дом 85а, Листвянка",51.847157,104.873566,https://ostrovok.ru/hotel/russia/irkutsk/mid7816262/mayak_hotel_listvyanka,54
Иркутск,otel_tsentral,8748836,Отель Централь,Central Hotel,"переулок Богданова 8, Иркутск",52.286674,104.285194,https://ostrovok.ru/hotel/russia/irkutsk/mid8748836/otel_tsentral,48
Листвянка,malinovka_3,9079016,Малиновка,Malinovka,"улица Суворова, д. 5а, Листвянка",51.864937,104.84327,https://ostrovok.ru/hotel/russia/irkutsk/mid9079016/malinovka_3,
Хужир,bolshoe_puteshestvie_hotel,9252749,Кемпинг Отель Ольхон,Kemping Olhon Hotel,"Байкальская, д. 64/1, Хужир",53.194378,107.354454,https://ostrovok.ru/hotel/russia/irkutsk/mid9252749/bolshoe_puteshestvie_hotel,10
Листвянка,hotel_sozvezdie_baikala,8666978,Отель Созвездие Байкала,Sozvezdie Bajkala Hotel,"Улица Партизанская, д.14, Листвянка",51.843994,104.88747,https://ostrovok.ru/hotel/russia/irkutsk/mid8666978/hotel_sozvezdie_baikala,22
Иркутск,best_eastern_hotel_zvezda,7806155,Отель Звезда,Star Hotel,"улица Ядринцева, д. 1Ж, Иркутск",52.277885,104.33643,https://ostrovok.ru/hotel/russia/irkutsk/mid7806155/best_eastern_hotel_zvezda,65
Хужир,baikal_view_hotel,7681558,Baikal View Hotel,Baikal View Hotel,"улица Российская, д. 17, Хужир",53.1781,107.30675,https://ostrovok.ru/hotel/russia/irkutsk/mid7681558/baikal_view_hotel,99
Иркутск,matreshka_hotel,6332937,Отель Матрешка,Matreshka Hotel,"Улица Софьи Перовской, д.31/1, Иркутск",52.282005,104.30065,https://ostrovok.ru/hotel/russia/irkutsk/mid6332937/matreshka_hotel,35
Слюдянка,legendy_baykala,13868556,Гостиница Легенды Байкала,Legendy Baykala,"ул Фрунзе, зд. 8, помещ. 2, Слюдянка",51.6726,103.68329,https://ostrovok.ru/hotel/russia/irkutsk/mid13868556/legendy_baykala,18
Иркутск,kupechesky_dvor_hotel,8059354,Отель Купеческий Дворъ,Kupecheskij Dvor Hotel,"улица Седова, д.10, Иркутск",52.27513,104.28797,https://ostrovok.ru/hotel/russia/irkutsk/mid8059354/kupechesky_dvor_hotel,14
Иркутск,magas,6839053,Отель на Перроне,Na Perrone Hotel,"ул Терешковой, стр. 6, помещ. 1, Иркутск",52.281338,104.25831,https://ostrovok.ru/hotel/russia/irkutsk/mid6839053/magas,25
Иркутск,7_dorog,7029576,Гостиница 7 дорог,7 Dorog Gostinitsa,"улица Ядринцева, д. 88, Иркутск",52.274845,104.335236,https://ostrovok.ru/hotel/russia/irkutsk/mid7029576/7_dorog,19
Иркутск,gostinitsa_solntse,7818100,Гостиница Солнце,Sun Hotel,"улица Байкальская, д.295 Б, Иркутск",52.257305,104.359,https://ostrovok.ru/hotel/russia/irkutsk/mid7818100/gostinitsa_solntse,58
Листвянка,less_guest_house,11308288,Меблированные комнаты Лесс,Less Living quarters,"улица Куликова, д. 102а, Листвянка",51.86491,104.86681,https://ostrovok.ru/hotel/russia/irkutsk/mid11308288/less_guest_house,
Железногорск-Илимский,magnetit,8825582,Отель Магнетит,Gostinitsa Magnetit,"Квартал, 2, д. 72, Железногорск-Илимский",56.57731,104.12121,https://ostrovok.ru/hotel/russia/irkutsk/mid8825582/magnetit,46
Иркутск,aristokrat_hotel,8745188,Отель Аристократ,Aristokrat Hotel,"улица Ленина, д.9, Иркутск",52.281384,104.281876,https://ostrovok.ru/hotel/russia/irkutsk/mid8745188/aristokrat_hotel,12
Железногорск-Илимский,izumrud_hotel_7,13287135,Отель Изумруд,Izumrud Hotel,"7-й квартал, д.20, Железногорск-Илимский",56.58639,104.12119,https://ostrovok.ru/hotel/russia/irkutsk/mid13287135/izumrud_hotel_7,9
Хужир,guesthouse_dudeevukh,10367494,Меблированные комнаты Дудеевых,Dudeevukh,"улица Народная, д.  4, Хужир",53.19667,107.35664,https://ostrovok.ru/hotel/russia/irkutsk/mid10367494/guesthouse_dudeevukh,
Листвянка,dauria_hotel_2,7685971,Отель Даурия,Dauria Hotel,"улица Куликова, д.44, Листвянка",51.859695,104.86325,https://ostrovok.ru/hotel/russia/irkutsk/mid7685971/dauria_hotel_2,4
Большое Голоустное,miniotel_medveditsa,10019685,Меблированные комнаты Медведица,Medveditsa,"улица Кирова,д. 132а, Большое Голоустное",52.02641,105.39498,https://ostrovok.ru/hotel/russia/irkutsk/mid10019685/miniotel_medveditsa,
Большое Голоустное,momant_house_recreation_camp,13350897,Momant house,Momant house,"улица Харануты, д. 19В, Большое Голоустное",52.044266,105.41265,https://ostrovok.ru/hotel/russia/irkutsk/mid13350897/momant_house_recreation_camp,
Листвянка,parus_18,9996236,Курортный отель Парус,Parus Hotel,"улица Горького, д.93А, Листвянка",51.846233,104.875244,https://ostrovok.ru/hotel/russia/irkutsk/mid9996236/parus_18,17
Иркутск,green_hotel_,6518006,Грин Отель,Green Hotel,"улица Лыткина, д. 32, Иркутск",52.267357,104.3167,https://ostrovok.ru/hotel/russia/irkutsk/mid6518006/green_hotel_,22
Хужир,tochka_baykala_hotel,11328622,Отель Точка Байкала,Tochka Baykala Hotel,"Байкальская улица, стр. 64/4, Хужир",53.194244,107.35403,https://ostrovok.ru/hotel/russia/irkutsk/mid11328622/tochka_baykala_hotel,38
Хужир,olkhon_inn,10005431,Olkhon Inn,Olkhon Inn,"Ул Первомайская 1, Хужир",53.193768,107.337875,https://ostrovok.ru/hotel/russia/irkutsk/mid10005431/olkhon_inn,
Братск,luna_hotel_9,9752435,Отель Луна,Luna Hotel,"Комсомольская улица, д. 65А, Братск",56.163895,101.61804,https://ostrovok.ru/hotel/russia/irkutsk/mid9752435/luna_hotel_9,22
Листвянка,dream_of_baikal_hotel,6374723,Отель Dream of Baikal,Dream Of Baikal Hotel,"улица Горького, д.105, Листвянка",51.84519,104.87671,https://ostrovok.ru/hotel/russia/irkutsk/mid6374723/dream_of_baikal_hotel,19
Иркутск,alpari,7776573,Гостиница Альпари,Alpari,"микрорайон Приморский, д.24 А, Иркутск",52.23193,104.30829,https://ostrovok.ru/hotel/russia/irkutsk/mid7776573/alpari,10
Куркут,recreation_centre_baikal_rainbow,6341048,База отдыха Байкальская Радуга,Bajkalskaya Raduga Hotel,"местность Камыши 2, д. 1, Куркут",53.030186,106.851425,https://ostrovok.ru/hotel/russia/irkutsk/mid6341048/recreation_centre_baikal_rainbow,31
Иркутск,bajkal_severnoe_more_hotel,8526970,Отель Байкал - Северное Море,Bajkal - Severnoe More Hotel,"Улица Дальневосточная, д.156, Иркутск",52.25208,104.32113,https://ostrovok.ru/hotel/russia/irkutsk/mid8526970/bajkal_severnoe_more_hotel,119
Байкальск,hotel_kosmos_5,10212636,Отель Космос,Hotel Kosmos,"Гагарина микрорайон, 2а, Байкальск",51.521896,104.15169,https://ostrovok.ru/hotel/russia/irkutsk/mid10212636/hotel_kosmos_5,16
Иркутск,gostinitsa_akademicheskaya,8438905,Отель Гостиница Академическая,Gostinitsa Akademicheskaya Hotel,"улица Лермонтова, д. 271А, Иркутск",52.248627,104.27087,https://ostrovok.ru/hotel/russia/irkutsk/mid8438905/gostinitsa_akademicheskaya,48
Большое Голоустное,azatai_park_hotel,13757053,"Парк-отель ""Азатай""",Azatai Park Hotel,"тер. Подкамень, д. 1, Большое Голоустное",52.061794,105.47054,https://ostrovok.ru/hotel/russia/irkutsk/mid13757053/azatai_park_hotel,
Никола,flagman_hotel,7725500,Отель Флагман,Flagman Hotel,"поселок Никола, улица Нагорная, д.41, Никола",51.89642,104.82946,https://ostrovok.ru/hotel/russia/irkutsk/mid7725500/flagman_hotel,10
Хужир,u_lukomorya_4,10009441,У Лукоморья,U Lukomorya Living Quarters,"посёлок Хужир,Песчаная улица, д.5, Хужир",53.18991,107.33197,https://ostrovok.ru/hotel/russia/irkutsk/mid10009441/u_lukomorya_4,
Иркутск,hotel_rodina_grand_hotel_spa_irkutsk_5,11200427,Отель RODINA Grand Hotel & SPA Irkutsk 5*,Hotel Rodina Grand Hotel & Spa Irkutsk 5*,"ул. Николая Гаврилова, стр. 2, Иркутск",52.290024,104.26961,https://ostrovok.ru/hotel/russia/irkutsk/mid11200427/hotel_rodina_grand_hotel_spa_irkutsk_5,79
Иркутск,hotel_soyuz_2,8662950,Жилое помещение Союз,Living Quarters Soyuz,"проезд Юрия Тена, д.12/4, Иркутск",52.252377,104.256676,https://ostrovok.ru/hotel/russia/irkutsk/mid8662950/hotel_soyuz_2,84
Хужир,baykal_khan_hotel_olkhon,6848973,Отель Байкал-Хан Ольхон,Bajkal-Han Olhon Hotel,"улица Ворошилова, д. 18, Хужир",53.19855,107.351166,https://ostrovok.ru/hotel/russia/irkutsk/mid6848973/baykal_khan_hotel_olkhon,40
Листвянка,bajkalskie_sezonyi,9992857,Отель Парк Байкальские сезоны,Park Baykalskie Sezony Hotel,"Иркутская Область, м.р-н Иркутский, г.п. Листвянское, п Ангарские Хутора, ул Прибрежная, зд. 5а, Листвянка",51.9078,104.81043,https://ostrovok.ru/hotel/russia/irkutsk/mid9992857/bajkalskie_sezonyi,22
Байкальск,hotel_baikal_best_edelweiss,9991110,Отель Байкал Эдельвейс,Baikal Edelweiss Hotel,"микрорайон Красный ключ, д.66, Байкальск",51.51682,104.12468,https://ostrovok.ru/hotel/russia/irkutsk/mid9991110/hotel_baikal_best_edelweiss,10
Бурдугуз,glemping_hygge_barn,11337901,Hygge Barn,Hygge Barn,"Нижняя набережная 5, Бурдугуз",52.04798,104.602806,https://ostrovok.ru/hotel/russia/irkutsk/mid11337901/glemping_hygge_barn,
Иркутск,hotel_aziyayevropa,13393268,Отель Азия-Европа,Hotel Aziya-Yevropa,"улица Ядринцева, 1/7, Иркутск",52.279037,104.336205,https://ostrovok.ru/hotel/russia/irkutsk/mid13393268/hotel_aziyayevropa,19
Иркутск,riderside,8754956,Гостиница Riverside,Riverside Hotel,"улица Байкальская, д.234 В/7, Иркутск",52.25251,104.32453,https://ostrovok.ru/hotel/russia/irkutsk/mid8754956/riderside,8
Хужир,hotel_khotej,13330760,Отель Хотэй,Khotej Hotel,"Ольхонская улица, 10, Хужир",53.194584,107.36046,https://ostrovok.ru/hotel/russia/irkutsk/mid13330760/hotel_khotej,25
Саянск,praskovya_guest_house,9999816,Отель Прасковья,Praskovya Hotel,"микрорайон Юбилейный, д.13, Саянск",54.109844,102.16342,https://ostrovok.ru/hotel/russia/irkutsk/mid9999816/praskovya_guest_house,12
Иркутск,amurskiy,9079548,Отель Амурский,Amurskij Hotel,"улица Ленина, д.34, Иркутск",52.280666,104.28177,https://ostrovok.ru/hotel/russia/irkutsk/mid9079548/amurskiy,17
Братск,bely_bereg,10844916,Отель Белый берег,Bely Bereg Hotel,"ул. Курчатова 65, Братск",56.157047,101.66097,https://ostrovok.ru/hotel/russia/irkutsk/mid10844916/bely_bereg,5
Хужир,lakeplacebaykal_living_quarters,13935081,Меблированные комнаты ЛэйкПлэйсБайкал,LakePlaceBaykal Living quarters,"улица Ворошилова, д.19А, Хужир",53.197727,107.35252,https://ostrovok.ru/hotel/russia/irkutsk/mid13935081/lakeplacebaykal_living_quarters,
Иркутск,minihotel_panda,6479321,Отель ДиаДэй,DiaDey Hotel,"улица Профсоюзная, д. 10/2, Иркутск",52.284023,104.256004,https://ostrovok.ru/hotel/russia/irkutsk/mid6479321/minihotel_panda,9
Хужир,artrezidentsiya_port_olhon,10004854,Арт-отель Порт Ольхон,Port Olkhon Art Hotel,"ул. Байкальская, 2, Хужир",53.193142,107.332,https://ostrovok.ru/hotel/russia/irkutsk/mid10004854/artrezidentsiya_port_olhon,65
Байкальск,gostevoi_dom_margobai,8735570,Отель Маргобай,Hotel Margobaj,"мкр. Строитель, пер. Берёзовый, д. 9, Байкальск",51.524414,104.13655,https://ostrovok.ru/hotel/russia/irkutsk/mid8735570/gostevoi_dom_margobai,14
Братск,hotel_shvedka,13259783,Отель ШВЕДКА,Hotel Shvedka,"ул. Мира, д. 25, Братск",56.15268,101.619514,https://ostrovok.ru/hotel/russia/irkutsk/mid13259783/hotel_shvedka,29
Иркутск,hotel_gostinitsa_dinamo,10295894,Отель Динамо,Dinamo Hotel,"улица Баррикад, д.42, Иркутск",52.290123,104.32051,https://ostrovok.ru/hotel/russia/irkutsk/mid10295894/hotel_gostinitsa_dinamo,39
Листвянка,yolochka,9992200,Меблированные комнаты Ёлочка,Yolochka,"улица Чапаева, д.8, Листвянка",51.851433,104.87036,https://ostrovok.ru/hotel/russia/irkutsk/mid9992200/yolochka,6
Иркутск,hotel_yubileinaya__2,6433819,Гостиница Юбилейная,Gostinitsa Yubilejnaya,"микрорайон Юбилейный, д. 118, Иркутск",52.222046,104.2961,https://ostrovok.ru/hotel/russia/irkutsk/mid6433819/hotel_yubileinaya__2,23
Листвянка,gostinitsa_undina,9079103,Отель Ундина,Undina Hotel,"Ulitsa Kulikova,6, Листвянка",51.856808,104.858025,https://ostrovok.ru/hotel/russia/irkutsk/mid9079103/gostinitsa_undina,30
Листвянка,glempingotel_yolki_recreation_camp,13723450,Аян,Ayan,"улица Куликова, д.136А, Листвянка",51.871273,104.86936,https://ostrovok.ru/hotel/russia/irkutsk/mid13723450/glempingotel_yolki_recreation_camp,
Усть-Илимск,gostinitsa_ustilim,7026078,Усть-Илим,Ust-Ilim,"пр-кт. Дружбы Народов, д. 2, Усть-Илимск",57.95592,102.74821,https://ostrovok.ru/hotel/russia/irkutsk/mid7026078/gostinitsa_ustilim,80
Братск,vostochnaia,8682955,Гостиница Восточная,Gostinica Vostochnaya,"улица Железнодорожная, 1, Братск",56.2749,101.89161,https://ostrovok.ru/hotel/russia/irkutsk/mid8682955/vostochnaia,26
Утулик,hotel_shishki,13113638,Меблированные комнаты Шишки,Shishki,"п. Утулик, ул. Ленская, д.17, Утулик",51.54238,104.07462,https://ostrovok.ru/hotel/russia/irkutsk/mid13113638/hotel_shishki,
Братск,tri_kita_2,9824733,Отель Три Кита,Tri Kita Hotel,"Депутатская улица, д. 3а, Братск",56.149746,101.628746,https://ostrovok.ru/hotel/russia/irkutsk/mid9824733/tri_kita_2,11
Иркутск,planeta_9,8850641,Планета,Planeta,"ул. Розы Люксембург, д. 144, Иркутск",52.345356,104.187965,https://ostrovok.ru/hotel/russia/irkutsk/mid8850641/planeta_9,33
Хужир,gostevoy_dom_holiday_park_on_olkhon,10014649,Holiday park on Olkhon,Holiday Park On Olkhon,"улица Лесная 11/ 2, Хужир",53.190025,107.34185,https://ostrovok.ru/hotel/russia/irkutsk/mid10014649/gostevoy_dom_holiday_park_on_olkhon,
Иркутск,v_samom_tsentre_irkutska_minihotel,10664878,Отель В Сердце Иркутска,V Serdce Irkutska Hotel,"Киевская улица, д.34А, Иркутск",52.27854,104.29063,https://ostrovok.ru/hotel/russia/irkutsk/mid10664878/v_samom_tsentre_irkutska_minihotel,6
Хужир,inn_oasis_2,8426230,База отдыха Оазис,Oazis Hotel,"улица Мира, д.4А, Хужир",53.190678,107.33462,https://ostrovok.ru/hotel/russia/irkutsk/mid8426230/inn_oasis_2,13
Жигалово,lenatour,8752255,Отель  Ленатур,Lenatur Hotel,"улица Советская, д.26, Жигалово",54.812542,105.151405,https://ostrovok.ru/hotel/russia/irkutsk/mid8752255/lenatour,8
Хужир,nochleg_i_zavtrak_bb_shambala,10012287,Загородный отель Шамбала,Shambala Country Hotel,"ул Северная, з/у 12А, Хужир",53.19933,107.3538,https://ostrovok.ru/hotel/russia/irkutsk/mid10012287/nochleg_i_zavtrak_bb_shambala,10
Иркутск,solnechny_guest_house_7,13112614,Cолнечный,Solnechny,"село Пивовариха, поселок Солнечный, улица Лунная, д.19, Иркутск",52.25676,104.365944,https://ostrovok.ru/hotel/russia/irkutsk/mid13112614/solnechny_guest_house_7,
Иркутск,gostevoj_dom_na_zvezdinskoj,6827039,Отель на Звездинской,Na Zvezdinskoj Hotel,"Улица Звездинская, д. 5/1, Иркутск",52.273518,104.256294,https://ostrovok.ru/hotel/russia/irkutsk/mid6827039/gostevoj_dom_na_zvezdinskoj,25
Култук,hotel_u_ruchyya,10624282,Отель У ручья,Hotel U Ruchyya,"Горная улица, 46А, Култук",51.730797,103.72729,https://ostrovok.ru/hotel/russia/irkutsk/mid10624282/hotel_u_ruchyya,9
Иркутск,kheyvitsa_guest_house,11169967,Отель Гостевой Дом Хейвица,Gostevoj dom Kheyvitsa Hotel,"улица Дзержинского, д. 44, Иркутск",52.285812,104.297844,https://ostrovok.ru/hotel/russia/irkutsk/mid11169967/kheyvitsa_guest_house,8
Иркутск,yupiter,9987415,Юпитер,Yupiter,"ул. Шевцова, д. 35, Иркутск",52.30965,104.30714,https://ostrovok.ru/hotel/russia/irkutsk/mid9987415/yupiter,23
Иркутск,svetly_aparthotel,10360693,Отель Светлый,Svetly Hotel,"Иркутская Область, с Пивовариха, мкр. Светлый, ул Первая, зд. 2а, Иркутск",52.260536,104.361946,https://ostrovok.ru/hotel/russia/irkutsk/mid10360693/svetly_aparthotel,6
Иркутск,hotel_gostinitsa_avtovokzal,13754102,Отель Автовокзал,Hotel Avtovokzal,"улица Октябрьской Революции, 11, Иркутск",52.28977,104.304794,https://ostrovok.ru/hotel/russia/irkutsk/mid13754102/hotel_gostinitsa_avtovokzal,22
Ангарск,meridian_7,6297237,Отель Меридиан,Meridian hotel,"26 квартал, дом 10, Ангарск",52.55192,103.87882,https://ostrovok.ru/hotel/russia/irkutsk/mid6297237/meridian_7,33
Хужир,hotel_dacha_baikaleco,10010618,Семейный отель Дача БайкалЭко,Dacha BaikalEco Family Hotel,"улица Лесная, д. 32, Хужир",53.191616,107.34986,https://ostrovok.ru/hotel/russia/irkutsk/mid10010618/hotel_dacha_baikaleco,10
Тулун,ozerny_tulun_sports_complex_na_karbysheva_185_apartment,13430623,Спорткомплекс Озерный Тулун на Карбышева 185,Ozerny Tulun Sports Complex na Karbysheva 185,"улица Карбышева, д.185, Тулун",54.532337,100.64291,https://ostrovok.ru/hotel/russia/irkutsk/mid13430623/ozerny_tulun_sports_complex_na_karbysheva_185_apartment,
Иркутск,lazurny_bereg_hotel_,7797591,Гостиница Лазурный берег,Lazurny bereg Hotel,"Байкальская улица, д. 252Б, Иркутск",52.2534,104.33767,https://ostrovok.ru/hotel/russia/irkutsk/mid7797591/lazurny_bereg_hotel_,65
Байкальск,gostevoy_dom_chilla_villa_baikal,10373429,Гостевой дом Chilla_villa_baikal,Gostevoy Dom Chilla_villa_baikal,"1-я Байкальская улица, 26, Байкальск",51.522186,104.12453,https://ostrovok.ru/hotel/russia/irkutsk/mid10373429/gostevoy_dom_chilla_villa_baikal,
Хужир,aura_living_quarters,13743326,Меблированные комнаты Аура,Aura Living quarters,"Иркутская улица, д.23, Хужир",53.178825,107.312294,https://ostrovok.ru/hotel/russia/irkutsk/mid13743326/aura_living_quarters,
Листвянка,krestovaya_pad_hotel,7784565,Гостиница Крестовая падь,Krestovaya pad hotel,"ул. Горная, 14-А, Листвянка",51.85812,104.86028,https://ostrovok.ru/hotel/russia/irkutsk/mid7784565/krestovaya_pad_hotel,27
Сарма,tsentr_otdykha_dashi,8138887,Центр отдыха Да-ши,Tsentr Otdyiha Da-Shi,"тер. база отдыха Да-Ши, стр. 1, Сарма",53.080173,106.80518,https://ostrovok.ru/hotel/russia/irkutsk/mid8138887/tsentr_otdykha_dashi,20
Усть-Кут,flagman_hotel_4,9081483,Отель Флагман,Flagman Hotel,"Россия, Иркутская область, Усть-Кут, ул. Калинина, д. 8, Усть-Кут",56.779224,105.74704,https://ostrovok.ru/hotel/russia/irkutsk/mid9081483/flagman_hotel_4,13
Листвянка,baza_otdykha_akvamarin,10016038,Аквамарин,Akvamarin Living quartes,"улица Чапаева. д.104А, Листвянка",51.86251,104.87878,https://ostrovok.ru/hotel/russia/irkutsk/mid10016038/baza_otdykha_akvamarin,35
Иркутск,arena_on_sverdlov,10153554,"Меблированные комнаты общежитие ""Арена на Свердлова""","Living quarters Obschezhitie ""arena on sverdlova""","ул. Свердлова, 39, Иркутск",52.287437,104.28795,https://ostrovok.ru/hotel/russia/irkutsk/mid10153554/arena_on_sverdlov,
Новоснежная,baza_otdykha_village_hvoy,11339142,Вилладж Хвоя,Village Hvoya Living Quartets,"улица Ленина, дом 75, Новоснежная",51.4684,104.623375,https://ostrovok.ru/hotel/russia/irkutsk/mid11339142/baza_otdykha_village_hvoy,
Ангарск,hotel_pushkin_2,6932873,Отель ПушкинЪ,Pushkin`Hotel,"улица Мира, д. 18, Ангарск",52.5455,103.89485,https://ostrovok.ru/hotel/russia/irkutsk/mid6932873/hotel_pushkin_2,23
Шелехов,katantsa_hotel,13328659,Отель Катанца,Katantsa Hotel,"Центральный проспект, д.7, Шелехов",52.205254,104.07976,https://ostrovok.ru/hotel/russia/irkutsk/mid13328659/katantsa_hotel,19
Петрова,v_derevne_guest_house,11341246,Уютный дом,Cozy home,"Ольхонский район,  улица Центральная, д.19, Петрова",52.75678,106.31439,https://ostrovok.ru/hotel/russia/irkutsk/mid11341246/v_derevne_guest_house,
Иркутск,modul,8585836,Гостиница Комфорт,Komfort Hotel,"улица Трилиссера, д.57 помещ.1, Иркутск",52.273643,104.30933,https://ostrovok.ru/hotel/russia/irkutsk/mid8585836/modul,12
Иркутск,irkutsk_city_lodge,7729360,Отель Иркутск Сити Лодж,Irkutsk City Lodge Hotel,"ул Байкальская, д. 124/3, Иркутск",52.262657,104.309784,https://ostrovok.ru/hotel/russia/irkutsk/mid7729360/irkutsk_city_lodge,4
Байкальск,beliy_sobol_parkhotel,8571122,Парк-отель Белый Соболь,Beliy Sobol Park-Hotel,"мкрн. Красный Ключ, д.93, Байкальск",51.510708,104.119865,https://ostrovok.ru/hotel/russia/irkutsk/mid8571122/beliy_sobol_parkhotel,32
Листвянка,private_house_uedinenny_dom_na_beregu_zhivopisnoy_zavodi,13380749,Байкал 51,Baikal 51,"Иркутский муниципальный округ, Байкальский тракт, 51-й километр, 3, Листвянка",51.972614,104.704056,https://ostrovok.ru/hotel/russia/irkutsk/mid13380749/private_house_uedinenny_dom_na_beregu_zhivopisnoy_zavodi,
Иркутск,dom_baykal_guest_house,10151922,Меблированные комнаты Дом Байкал,Dom Baikal,"улица Лапина, д. 14, Иркутск",52.27905,104.286156,https://ostrovok.ru/hotel/russia/irkutsk/mid10151922/dom_baykal_guest_house,15
Хужир,lada_8,8878913,Отель Гостиница ЛАДА,Gostinitsa LADA Hotel,"улица Таёжная, д.30, Хужир",53.189693,107.34768,https://ostrovok.ru/hotel/russia/irkutsk/mid8878913/lada_8,22
Иркутск,hostel_katrin_2,11309585,Катрин,Katrin,"ул. Седова, д. 64, Иркутск",52.269577,104.299164,https://ostrovok.ru/hotel/russia/irkutsk/mid11309585/hostel_katrin_2,
Листвянка,legend_of_baikal,7776712,Отель Легенда Байкала,Legenda Bajkala Hotel,"Улица Исток Ангары, д.11, Листвянка",51.87289,104.828636,https://ostrovok.ru/hotel/russia/irkutsk/mid7776712/legend_of_baikal,35
Хужир,apartments_viking_khaus,13097492,Викинг Хаус,Viking Hause Living Quarters,"Северная улица, 5а/1, Хужир",53.196445,107.35554,https://ostrovok.ru/hotel/russia/irkutsk/mid13097492/apartments_viking_khaus,
Мурино,tengis_park_hotel,11311730,Отель Тэнгис,Tengis Hotel,"посёлок Мурино, улица Лесная 4, Мурино",51.473064,104.408356,https://ostrovok.ru/hotel/russia/irkutsk/mid11311730/tengis_park_hotel,11
Иркутск,marx_hotel,8662194,Отель Маркс,Marx Hotel,"улица Карла Маркса, д.15 А, Иркутск",52.282627,104.28479,https://ostrovok.ru/hotel/russia/irkutsk/mid8662194/marx_hotel,26
Иркутск,royal_hotel_33,6362904,Отель Рояль,Royal Hotel,"улица Декабрьских событий, д. 31, Иркутск",52.28928,104.29745,https://ostrovok.ru/hotel/russia/irkutsk/mid6362904/royal_hotel_33,27
Иркутск,arena_g_irkutsk,8491921,Отель Арена Иркутск,Arena Irkutsk Hotel,"ул. Желябова, 8А, Иркутск",52.288128,104.28727,https://ostrovok.ru/hotel/russia/irkutsk/mid8491921/arena_g_irkutsk,15
Сарма,rodnye_berega_holiday_park_,6513363,База Отдыха Родные Берега,Rodnyie Berega Hotel,"местность Хужир-Нугэ ул. Изумрудная, уч. 1, Сарма",53.0871,106.79626,https://ostrovok.ru/hotel/russia/irkutsk/mid6513363/rodnye_berega_holiday_park_,26
Хужир,hotel_complex_baikalov_ostrog,8027714,Гостиница Байкалов Острог,Baykalov Ostrog Hotel,"Прибрежная ул., д. 3, Хужир",53.18307,107.312225,https://ostrovok.ru/hotel/russia/irkutsk/mid8027714/hotel_complex_baikalov_ostrog,
Хужир,hotel_barguzin,10012829,Меблированные комнаты Баргузин,Barguzin,"улица Ворошилова, д.23А, Хужир",53.19983,107.35153,https://ostrovok.ru/hotel/russia/irkutsk/mid10012829/hotel_barguzin,
Иркутск,u_istoka_hotel,7675302,Гостиница У Истока,U Istoka hotel,"Ржанова ул., д. 43, Иркутск",52.252934,104.36322,https://ostrovok.ru/hotel/russia/irkutsk/mid7675302/u_istoka_hotel,24
Сарма,recreation_complex_altan,7613629,Парк-Отель Алтан,Altan Park Hotel,"тер. база отдыха Алтан, стр. 1, Сарма",53.08592,106.799416,https://ostrovok.ru/hotel/russia/irkutsk/mid7613629/recreation_complex_altan,25
Нижнеудинск,oktyabrskaya_minihotel,8751925,Октябрьская,Oktyabr'skaya,"улица Октябрьская, д.1 Б, Нижнеудинск",54.907585,99.04532,https://ostrovok.ru/hotel/russia/irkutsk/mid8751925/oktyabrskaya_minihotel,
Усть-Кут,gloria_20,8854283,Отель Глория,Gloriya Hotel,"ул Л.Толстого, д. 36, Усть-Кут",56.801003,105.7855,https://ostrovok.ru/hotel/russia/irkutsk/mid8854283/gloria_20,14
Усть-ордынский,metelitsa_6,9211770,Отель Метелица,Metelitsa Hotel,"Иркутская обл, Усть-Ордынский, 68-км автотрассы Иркутск-Качуг, Усть-ордынский",52.818523,104.80036,https://ostrovok.ru/hotel/russia/irkutsk/mid9211770/metelitsa_6,5
Хужир,olkhon_house_guest_family_house,11278129,Olkhon Family House,Olkhon House Family,"улица Рабочая, д.2, Хужир",53.192245,107.33733,https://ostrovok.ru/hotel/russia/irkutsk/mid11278129/olkhon_house_guest_family_house,
Култук,trakstop_38_2,10669986,Тракстоп 38,Trakstop 38,"Комсомольская 23/3, Култук",51.713367,103.688156,https://ostrovok.ru/hotel/russia/irkutsk/mid10669986/trakstop_38_2,11
Хужир,khoromy_recreation_camp,13284761,Хоромы,Khoromy Living Quarters,"Северная улица, д. 5/1, Хужир",53.196445,107.35554,https://ostrovok.ru/hotel/russia/irkutsk/mid13284761/khoromy_recreation_camp,
Куркут,mir_baykala_hotel,10219071,Отель Мир Байкала,Mir Baykala Hotel,"село Сахюрта, бухта Базарная, Куркут",53.024845,106.85937,https://ostrovok.ru/hotel/russia/irkutsk/mid10219071/mir_baykala_hotel,29
Куркут,gostevoy_dom_mandarkhan_obaykal,11306441,"Мандархан, о.Байкал","Mandarkhan, O.baykal","Иркутская область, Ольхонский район, Шара-Тоготское муниципальное  образование, д. Куркут, территория местность Мандархан, Куркут",53.03756,106.82874,https://ostrovok.ru/hotel/russia/irkutsk/mid11306441/gostevoy_dom_mandarkhan_obaykal,
Хужир,v_gostyakh_u_dubrovskikh_guest_house,13286418,В гостях у ДУБРОВСКИХ,V Gostyakh U Dubrovskikh,"посёлок Хужир, улица Совхозная, д. 5, Хужир",53.192383,107.353294,https://ostrovok.ru/hotel/russia/irkutsk/mid13286418/v_gostyakh_u_dubrovskikh_guest_house,
Большое Голоустное,dlya_kompanii_guest_house,13288614,Для компании,Dlya Kompanii,"улица Кирова, д.2Б, Большое Голоустное",52.04681,105.40883,https://ostrovok.ru/hotel/russia/irkutsk/mid13288614/dlya_kompanii_guest_house,
Листвянка,na_beregu_baykala_guest_house,13299718,На берегу Байкала,Na Beregu Baykala,"улица Горького, д.35, Листвянка",51.852272,104.86604,https://ostrovok.ru/hotel/russia/irkutsk/mid13299718/na_beregu_baykala_guest_house,
Большая Речка,loft_house_38_guest_house,13330745,Loft House 38,Loft House 38,"51.947037, 104.753515, Большая Речка",51.947037,104.75352,https://ostrovok.ru/hotel/russia/irkutsk/mid13330745/loft_house_38_guest_house,
Утулик,baykkalina_guest_house,10011069,БайкКалина,BaykKalina Living Quarters,"улица Озёрная, д.8, Утулик",51.551033,104.059654,https://ostrovok.ru/hotel/russia/irkutsk/mid10011069/baykkalina_guest_house,
Иркутск,aleksandrovskij_dvor,10010389,Александровский двор,Aleksandrovskiy Dvor,"д. Ангара, Тихий плес, улица Центральная, д.11, Иркутск",52.402676,104.19299,https://ostrovok.ru/hotel/russia/irkutsk/mid10010389/aleksandrovskij_dvor,
Железногорск-Илимский,komilfo_2,9768630,Отель Комильфо,Komilfo Hotel,"улица Иващенко, д.20, Железногорск-Илимский",56.581577,104.13028,https://ostrovok.ru/hotel/russia/irkutsk/mid9768630/komilfo_2,12
Мангутай,hotelclub_ice,9679208,Отель Сибирская резиденция Лёд Байкала,Siberian Residence Ice of Baikal Hotel,"п. Мангутай, ул. Байкальская, д. 1В, Мангутай",51.60238,103.921265,https://ostrovok.ru/hotel/russia/irkutsk/mid9679208/hotelclub_ice,
Иркутск,rezidentsii_rodina_irkutsk,13678434,Резиденции Rodina Irkutsk,Rodina Irkutsk Residencies,"улица Цесовская Набережная, 8, Иркутск",52.28924,104.26912,https://ostrovok.ru/hotel/russia/irkutsk/mid13678434/rezidentsii_rodina_irkutsk,
Хужир,baikalov_ostrog,8850693,Bajkal-Ujuga,Bajkal-Ujuga,"Ol'honskij r-n, Ujuga, Хужир",53.18589,107.31313,https://ostrovok.ru/hotel/russia/irkutsk/mid8850693/baikalov_ostrog,
Усть-ордынский,maksi_hotel,13793223,Отель Макси,Maksi Hotel,"улица Аптечная, д. 1Б, Усть-ордынский",52.793945,104.727554,https://ostrovok.ru/hotel/russia/irkutsk/mid13793223/maksi_hotel,2
Иркутск,profsoyuznaya_hotel_4,13870224,Профсоюзная,Profsoyuznaya,"улица Байкальская, д.263, Иркутск",52.256462,104.35531,https://ostrovok.ru/hotel/russia/irkutsk/mid13870224/profsoyuznaya_hotel_4,
Листвянка,hotel_baikal_krai,13918062,Усадьба Байкальский край,Hotel Baikal krai,"рп. Листвянка, ул. Чапаева, д. 81Г, Листвянка",51.861156,104.87627,https://ostrovok.ru/hotel/russia/irkutsk/mid13918062/hotel_baikal_krai,
Иркутск,living_quarters_uyutnye_dlya_dvoikh,13970207,Меблированные комнаты Уютные для Двоих,Living quarters Uyutnye Dlya Dvoikh,"улица Профсоюзная, д.36, Иркутск",52.280228,104.25831,https://ostrovok.ru/hotel/russia/irkutsk/mid13970207/living_quarters_uyutnye_dlya_dvoikh,
