merged_id,city,name,address,ostrovok_free_rooms,tvil_free_rooms,avg_free_rooms,min_free_rooms,max_free_rooms,occupancy_percent,ostrovok_capacity,tvil_capacity
1,Иркутск,Гостиничный Комплекс Русь,"улица Свердлова, д.19, Иркутск",29,8,18.50,8,29,33.04,48,18
2,Иркутск,Отель Доходный дом Листратовой,"Подгорная улица, д.16, Иркутск",8,8,8.00,8,8,53.33,13,12
3,Иркутск,Отель Яковлевъ,"улица Тимирязева, д.9, Иркутск",7,5,6.00,5,7,24.00,16,11
4,Иркутск,Отель Nuur Hotel,"улица Карла Либкнехта, д. 85, Иркутск",,0,0.00,0,0,0.00,,0
5,Иркутск,Отель Иркут,"улица Пролетарская, д.7, Иркутск",15,7,11.00,7,15,36.66,30,14
6,Иркутск,Ангара Отель,"улица Сухэ-Батора, д.7, Иркутск",67,14,40.50,14,67,13.50,107,24
7,Иркутск,Гостиница 7 дорог,"улица Ядринцева, д. 88, Иркутск",12,7,9.50,7,12,50.00,23,25
8,Иркутск,Отель Матрешка,"Улица Софьи Перовской, д.31/1, Иркутск",20,7,13.50,7,20,38.57,33,13
9,Иркутск,Отель Амурский,"улица Ленина, д.34, Иркутск",16,11,13.50,11,16,79.41,36,26
10,Иркутск,Отель Азия-Европа,"улица Ядринцева, 1/7, Иркутск",13,7,10.00,7,13,52.63,26,14
11,Иркутск,Отель Аристократ,"улица Ленина, д.9, Иркутск",9,6,7.50,6,9,62.50,17,12
12,Иркутск,Отель Михаил Строгов,"улица Депутатская, д. 36, Иркутск",5,8,6.50,5,8,31.55,10,16
13,Листвянка,Отель Маяк,"улица Горького, дом 85а, Листвянка",39,7,23.00,7,39,40.77,71,13
14,Иркутск,Отель Baikal Forest,"улица Советская, д.58/1, Иркутск",124,8,66.00,8,124,45.01,253,22
15,Иркутск,Отель Купеческий Дворъ,"улица Седова, д.10, Иркутск",12,8,10.00,8,12,71.42,24,25
16,Хужир,Baikal View Hotel,"улица Российская, д. 17, Хужир",58,2,30.00,2,58,30.31,116,4
17,Хужир,Отель Байкал-Хан Ольхон,"улица Ворошилова, д. 18, Хужир",,,,,,,,
18,Иркутск,Отель Armat,"улица Ширямова, д.33, Иркутск",63,7,35.00,7,63,87.50,127,16
19,Иркутск,Гостиница Атлас,"проезд Атласова, д.9, Иркутск",8,7,7.50,7,8,26.30,17,18
20,Иркутск,Отель на Звездинской,"Улица Звездинская, д. 5/1, Иркутск",32,5,18.50,5,32,72.34,68,9
21,Иркутск,Гостиница Лазурный берег,"Байкальская улица, д. 252Б, Иркутск",2,2,2.00,2,2,3.05,4,4
22,Хужир,Отель Байкальский лес (BaikalWood Hotel&SPA),"улица Светлая, д.5, Хужир",24,10,17.00,10,24,44.52,48,24
23,Иркутск,Гостиница Юбилейная,"микрорайон Юбилейный, д. 118, Иркутск",0,4,2.00,0,4,8.70,0,7
24,Иркутск,Отель Байкал - Северное Море,"Улица Дальневосточная, д.156, Иркутск",109,13,61.00,13,109,51.21,193,31
25,Листвянка,Отель Даурия,"улица Куликова, д.44, Листвянка",4,2,3.00,2,4,56.66,8,4
26,Ангарск,Отель Ангара-Приоритет,"Квартал Б, д.13, Ангарск",1,1,1.00,1,1,3.23,2,2
27,Хужир,Семейный отель Дача БайкалЭко,"улица Лесная, д. 32, Хужир",,,,,,,,
28,Нижнеудинск,Октябрьская,"улица Октябрьская, д.1 Б, Нижнеудинск",7,3,5.00,3,7,30.00,12,5
29,Иркутск,Отель Тайга,"улица Сурикова, д.4в, Иркутск",,4,4.00,4,4,9.09,,11
30,Братск,Клубный Квартал,"бульвар Победы, д.30, Братск",,,,,,,,
31,Иркутск,Отель North Star,"улица Седова, 4, Иркутск",,,,,,,,
32,Иркутск,Отель Байкал Бизнес Центр,"улица Байкальская, д.279, Иркутск",6,4,5.00,4,6,8.47,12,10
33,Иркутск,Гостиница Альпари,"микрорайон Приморский, д.24 А, Иркутск",8,4,6.00,4,8,60.00,16,10
34,Черемхово,Shelest,"улица Марата, д. 109, Черемхово",2,2,2.00,2,2,12.50,4,4
35,Байкальск,Отель Космос,"Гагарина микрорайон, 2а, Байкальск",,,,,,,,
36,Байкальск,Парк-отель Соболинка,"квартал Красный Ключ, д.90, Байкальск",,2,2.00,2,2,6.06,,2
37,Бурдугуз,Парк-Отель Бурдугуз,"улица Лесная, д.1, Бурдугуз",12,5,8.50,5,12,12.32,24,15
38,Листвянка,Отель Подлеморье,"улица Горького, д.31Б, Листвянка",11,7,9.00,7,11,64.28,23,15
39,Иркутск,Отель Лотос,"Байкальская улица, д.14 Б, Иркутск",7,4,5.50,4,7,24.74,16,9
40,Иркутск,Отель Звезда,"улица Ядринцева, д. 1Ж, Иркутск",65,6,35.50,6,65,54.69,130,14
41,Братск,Отель Белый берег,"ул. Курчатова 65, Братск, Братск",5,4,4.50,4,5,90.00,12,16
42,Байкальск,Отель Гранд Байкал,"мкр. Красный Ключ, 91, Байкальск",2,1,1.50,1,2,2.34,4,3
43,Иркутск,Гостиница У Истока,"Ржанова ул., д. 43, Иркутск",12,3,7.50,3,12,31.25,27,6
44,Сарма,Парк-Отель Алтан,"тер. база отдыха Алтан, стр. 1, Сарма",29,0,14.50,0,29,69.05,51,0
45,Иркутск,Гостиница Виктория,"улица Богдана Хмельницкого, д.1 Иркутск, Россия, Иркутск",,,,,,,,
46,Листвянка,Отель Вера Байкал,"улица Горького, 8, Листвянка",51,,51.00,51,51,134.21,102,
47,Иркутск,Отель Ибис Иркутск Центр,"улица Полины Осипенко, дом 5, Иркутск",24,,24.00,24,24,18.75,47,
48,Хужир,Ольхон стори,"улица Народная, д.19, Хужир",,,,,,,,
49,Иркутск,Квартира в центре Иркутска,"улица Российская, д. 14А, Иркутск",,,,,,,,
50,Иркутск,Отель Европа,"улица Байкальская, д.69, Иркутск",8,,8.00,8,8,13.79,16,
51,Иркутск,Отель Иркутск Сити Центр,"ул. Чкалова, д. 15, Иркутск",,,,,,,,
52,Иркутск,Гостиница Империя,"ул. Польских Повстанцев, 1Б, Иркутск",,,,,,,,
53,Иркутск,Мини-Отель Good Hotel,"ул Сибирская, стр. 21/2, помещ. 1, Иркутск",6,,6.00,6,6,100.00,13,
54,Хужир,Sunrise,"Первомайская улица, 25А, Хужир",5,,5.00,5,5,0.00,12,
55,Иркутск,AZIMUT Отель Аэропорт Иркутск 4*,"ул. Ширямова, 10А, Иркутск",,,,,,,,
56,Листвянка,Отель Байкал,"Академическая улица, 13, Листвянка",28,,28.00,28,28,38.89,54,
57,Иркутск,Премиум-отель Пушкин,"ул. Сухэ-Батора, 18, Иркутск",,,,,,,,
58,Иркутск,Отель Business Hall,"улица Свердлова, д.10, Иркутск",16,,16.00,16,16,88.89,32,
59,Листвянка,Байкалия,"Горная улица, 15, Листвянка",,,,,,,,
60,Никола,Отель Никола,"Иркутская область, Листвянка, Байкальский тракт 64-й км, поселок Никола, улица Ангарская, д. 15, Никола",41,,41.00,41,41,151.85,84,
61,Иркутск,SAYEN,"ул. Карла Маркса, 13Б, Иркутск",16,,16.00,16,16,64.00,36,
62,Иркутск,Отель Гостевой Дом Хейвица,"улица Дзержинского, д. 44, Иркутск",7,,7.00,7,7,87.50,14,
63,Иркутск,Меблированные комнаты в Иркутске,"переулок Алексеева, д.2А, Иркутск",,,,,,,,
64,Иркутск,Отель ДиаДэй,"улица Профсоюзная, д. 10/2, Иркутск",,,,,,,,
65,Усть-Илимск,Усть-Илим,"пр-т Дружбы Народов, д. 2, Усть-Илимск",24,,24.00,24,24,30.00,29,
66,Иркутск,Отель Арена Иркутск,"ул. Желябова, 8А, Иркутск",16,,16.00,16,16,106.67,30,
67,Байкальск,Отель Куршавель,"микрорайон Южный, 1-й квартал, д.6, Байкальск",,,,,,,,
68,Листвянка,Отель Ундина,"Ulitsa Kulikova,6, Листвянка",13,,13.00,13,13,43.33,24,
69,Иркутск,Меблированные комнаты City Park,"улица Красных Мадьяр, 29, Иркутск",6,,6.00,6,6,0.00,6,
70,Хужир,Отель Хотэй,"Ольхонская улица, 10, Хужир",24,,24.00,24,24,96.00,48,
71,Иркутск,Жилое помещение Союз,"проезд Юрия Тена, д.12/4, Иркутск",52,,52.00,52,52,61.90,104,
72,Иркутск,Меблированные комнаты Дом Байкал,"улица Лапина, д. 14, Иркутск",15,,15.00,15,15,100.00,42,
73,Листвянка,Меблированные комнаты Байкал,"улица Горная, д. 8А, Листвянка",14,,14.00,14,14,0.00,21,
74,Листвянка,Сердце Байкала,"улица Островского, 39, Листвянка",2,,2.00,2,2,0.00,2,
75,Иркутск,Меблированные комнаты Montana,"улица Карла Либкнехта, д.6, Иркутск",,,,,,,,
76,Большое Голоустное,Меблированные комнаты Медведица,"улица Кирова,д. 132а, Большое Голоустное",9,,9.00,9,9,0.00,17,
77,Хужир,Отель Гостиница ЛАДА,"улица Таёжная, д.30, Хужир",13,,13.00,13,13,59.09,28,
78,Хужир,Загородный отель Шамбала,"ул Северная, з/у 12А, Хужир",9,,9.00,9,9,90.00,18,
79,Листвянка,Отель Ларч,"ул. Гудина, 22А, Листвянка",13,,13.00,13,13,72.22,33,
80,Хужир,Меблированные комнаты Баргузин,"улица Ворошилова, д.23А, Хужир",4,,4.00,4,4,0.00,4,
81,Иркутск,Отель Централь,"переулок Богданова 8, Иркутск",18,,18.00,18,18,37.50,36,
82,Листвянка,Байкальские просторы,"улица Чапаева, д. 41, Листвянка",6,,6.00,6,6,75.00,14,
83,Листвянка,Отель Легенда Байкала,"Улица Исток Ангары, д.11, Листвянка",8,,8.00,8,8,22.86,14,
84,Иркутск,Отель Baikal Archi Apt,"ул Некрасова, стр. 3а, помещ. 2, Иркутск",,,,,,,,
85,Листвянка,Меблированные комнаты Лесс,"улица Куликова, д. 102а, Листвянка",7,,7.00,7,7,0.00,13,
86,Иркутск,Гостиница Визит,"ул Софьи Перовской, стр. 30, помещ. 4, Иркутск",7,,7.00,7,7,87.50,15,
87,Листвянка,Курортный отель Парус,"улица Горького, д.93А, Листвянка",11,,11.00,11,11,64.71,25,
88,Листвянка,Малиновка,"улица Суворова, д. 5а, Листвянка",8,,8.00,8,8,0.00,21,
89,Иркутск,Отель RODINA Grand Hotel & SPA Irkutsk 5*,"ул. Николая Гаврилова, стр. 2, Иркутск",33,,33.00,33,33,41.77,66,
90,Иркутск,Отель Иркутск Сити Лодж,"ул Байкальская, д. 124/3, Иркутск",4,,4.00,4,4,100.00,8,
91,Иркутск,Отель Веста,"улица Сурнова, д.30/1, Иркутск",20,,20.00,20,20,74.07,43,
92,Листвянка,Алания,"улица Суворова, д.5В, Листвянка",12,,12.00,12,12,0.00,33,
93,Иркутск,Отель Рояль,"улица Декабрьских событий, д. 31, Иркутск",21,,21.00,21,21,77.78,38,
94,Хужир,Конкордия,"улица Народная, д.15, поселок Хужир, Хужир",6,,6.00,6,6,75.00,8,
95,Байкальск,Парк-отель Белый Соболь,"мкрн. Красный Ключ, д.93, Байкальск",2,,2.00,2,2,6.25,2,
96,Иркутск,Отель В Сердце Иркутска,"Киевская улица, д.34А, Иркутск",9,,9.00,9,9,150.00,20,
97,Листвянка,Гостиница Крестовая падь,"ул. Горная, 14-А, Листвянка",7,,7.00,7,7,25.93,14,
98,Бугульдейка,Байкал-кэмп,"Россия, Иркутская область,  Бугульдейка, ул. Пушкина, д. 15, Бугульдейка",,,,,,,,
99,Иркутск,Отель Динамо,"улица Баррикад, д.42, Иркутск",23,,23.00,23,23,58.97,43,
100,Листвянка,Меблированные комнаты Ёлочка,"улица Чапаева, д.8, Листвянка",6,,6.00,6,6,100.00,10,
101,Листвянка,Отель Созвездие Байкала,"Улица Партизанская, д.14, Листвянка",11,,11.00,11,11,50.00,22,
102,Листвянка,Меблированные комнаты БРИЗ,"улица Гудина,71, Листвянка",8,,8.00,8,8,50.00,18,
103,Листвянка,Байкал Шале,"улица Гудина, д.75, Листвянка",7,,7.00,7,7,63.64,17,
104,Байкальск,Baikal Best Edelweiss,"микрорайон Красный ключ, д.66, Байкальск",1,,1.00,1,1,10.00,2,
105,Иркутск,Грин Отель,"улица Лыткина, д. 32, Иркутск",18,,18.00,18,18,81.82,37,
106,Листвянка,Байкал 51,"Иркутский муниципальный округ, Байкальский тракт, 51-й километр, 3, Листвянка",1,,1.00,1,1,0.00,1,
107,Тулун,Спорткомплекс Озерный Тулун на Карбышева 185,"улица Карбышева, д.185, Тулун",2,,2.00,2,2,0.00,4,
108,Иркутск,Меблированные комнаты Брусника,"Улица Гоголя, д.61, Иркутск",,,,,,,,
109,Нижнеудинск,Отель УДА,"улица Ленина, д.1, Нижнеудинск",35,,35.00,35,35,77.78,58,
110,Жигалово,Отель  Ленатур,"улица Советская, д.26, Жигалово",1,,1.00,1,1,12.50,3,
111,Хужир,Отель Отдых на Байкале,"улица Горького, 3А, Хужир",3,,3.00,3,3,27.27,3,
112,Листвянка,Отель Dream of Baikal,"улица Горького, д.105, Листвянка",16,,16.00,16,16,84.21,28,
113,Нижнеудинск,Отель Люкс,"улица Просвещения, д. 17, Нижнеудинск",7,,7.00,7,7,46.67,10,
114,Иркутск,Отель Гостиница Академическая,"улица Лермонтова, д. 271А, Иркутск",25,,25.00,25,25,52.08,34,
115,Иркутск,Гостиница Солнце,"улица Байкальская, д.295 Б, Иркутск",9,,9.00,9,9,15.52,14,
116,Братск,Отель Три Кита,"Депутатская улица, д. 3а, Братск",3,,3.00,3,3,30.00,8,
117,Братск,Гостиница Восточная,"улица Железнодорожная, 1, Братск",24,,24.00,24,24,92.31,47,
118,Листвянка,Отель Натали,"улица Чапаева, д.91, Листвянка",6,,6.00,6,6,50.00,10,
119,Хужир,У Лукоморья,"посёлок Хужир,Песчаная улица, д.5, Хужир",7,,7.00,7,7,0.00,7,
120,Хужир,Меблированные комнаты Аура,"Иркутская улица, д.23, Хужир",6,,6.00,6,6,0.00,6,
121,Хужир,Olkhon Family House,"улица Рабочая, д.2, Хужир",3,,3.00,3,3,0.00,6,
122,Никола,Отель ГК Анастасия,"улица Ангарская, 8/2, Никола",33,,33.00,33,33,126.92,60,
123,Ангарск,Отель Меридиан,"26 квартал, дом 10, Ангарск",13,,13.00,13,13,39.39,17,
124,Ангарск,Олимпиада,"ул. Чайковского, д.48, Ангарск",18,,18.00,18,18,62.07,23,
125,Хужир,Отель Звезда Кочевника,"Пляжная улица, д.20, Хужир",82,,82.00,82,82,0.00,180,
126,Иркутск,Отель Smart Hotel Иркутск,"улица Челнокова, д.1, Иркутск",7,,7.00,7,7,100.00,16,
127,Хужир,Forest Home,"улица Мира, 14, Хужир",,,,,,,,
128,Никола,Отель Флагман,"поселок Никола, улица Нагорная, д.41, Никола",6,,6.00,6,6,60.00,11,
129,Ангарск,Отель ПушкинЪ,"улица Мира, д. 18, Ангарск",8,,8.00,8,8,34.78,16,
130,Большое Голоустное,Momant house,"улица Харануты, д. 19В, Большое Голоустное",3,,3.00,3,3,0.00,10,
131,Молодёжный,Отель Пекин,"п. Молодежный, улица Кузнецовой, д.11, Молодёжный",73,,73.00,73,73,84.88,73,
132,Хужир,Арт-отель Порт Ольхон,"ул. Байкальская, 2, Хужир",28,,28.00,28,28,43.08,55,
133,Слюдянка,"Отель ""Тихая Гавань""","улица 40 лет Октября, 56, Слюдянка",3,,3.00,3,3,25.00,7,
134,Иркутск,Гостиница на Волжской,"ул. Волжская, д. 14А, Иркутск",14,,14.00,14,14,46.67,39,
135,Иркутск,Юпитер,"Россия, Иркутская область, Иркутск, ул. Шевцова, д. 35, Иркутск",3,,3.00,3,3,13.04,6,
136,Братск,Отель ШВЕДКА,"ул. Мира, д. 25, Братск, Братск",21,,21.00,21,21,72.41,29,
137,Листвянка,Гостевой дом Мелодия Байкала,"Листвянское муниципальное образование, посёлок Никола, Листвянка",1,,1.00,1,1,0.00,2,
138,Утулик,Меблированные комнаты Шишки,"п. Утулик, ул. Ленская, д.17, Утулик",,,,,,,,
139,Иркутск,Отель HISTORY Бутик-отель и СПА,"улица 3 Июля, д.26, Иркутск",57,,57.00,57,57,142.50,114,
140,Шелехов,Отель Катанца,"Центральный проспект, д.7, Шелехов",14,,14.00,14,14,73.68,25,
141,Иркутск,Гостиница Комфорт,"улица Трилиссера, д.57 помещ.1, Иркутск",6,,6.00,6,6,50.00,8,
142,Байкальск,Гостевой дом Chilla_villa_baikal,"1-я Байкальская улица, 26, Байкальск",,,,,,,,
143,Железногорск-Илимский,Отель Магнетит,"Квартал, 2, д. 72, Железногорск-Илимский",28,,28.00,28,28,50.91,41,
144,Саянск,Отель Прасковья,"микрорайон Юбилейный, д.13, Саянск",8,,8.00,8,8,66.67,10,
145,Листвянка,Отель Парк Байкальские сезоны,"Иркутская Область, м.р-н Иркутский, г.п. Листвянское, п Ангарские Хутора, ул Прибрежная, зд. 5а, Листвянка",21,,21.00,21,21,95.45,41,
146,Байкальск,Отель Маргобай,"мкр. Строитель, пер. Берёзовый, д. 9, Байкальск",15,,15.00,15,15,107.14,18,
147,Листвянка,Гостиница Прибайкальская,"62 км. Байкальского Тракта, Листвянка",6,,6.00,6,6,6.90,8,
148,Усть-Кут,Отель Глория,"ул Л.Толстого, д. 36, Усть-Кут",3,,3.00,3,3,21.43,3,
149,Иркутск,Сатурн,"Россия, 664002, Иркутская область, Иркутск, ул. Красный путь, д. 77, Иркутск",,,,,,,,
150,Култук,Trakstop 38,"Komsomol'skaja 23/3, Култук",8,,8.00,8,8,72.73,15,
151,Куркут,Отель Мир Байкала,"село Сахюрта, бухта Базарная, Куркут",33,,33.00,33,33,113.79,50,
152,Иркутск,Планета,"ул. Розы Люксембург, 144, Иркутск",6,,6.00,6,6,18.18,12,
153,Иркутск,Байкал Капсул (Байкальская капсула),"Россия, Иркутская область, Иркутск, ул. Трилиссера, д. 141в, Иркутск",7,,7.00,7,7,0.00,7,
154,Иркутск,Витим,"Россия, Иркутская область, Иркутск, ул. Терешковой, д. 2а, Иркутск",4,,4.00,4,4,0.00,7,
155,Усть-ордынский,Отель Метелица,"Иркутская обл, Усть-Ордынский, 68-км автотрассы Иркутск-Качуг, Усть-ордынский",1,,1.00,1,1,20.00,2,
156,Иркутск,Апартаменты Home Hotel (Хоум Хотел) на улице Пискунова,"ул. Пискунова, 142/5, Иркутск",2,,2.00,2,2,0.00,2,
157,Бугульдейка,Гостевой дом ISIGER BAIKAL,"Байкальская ул. 18, Бугульдейка",2,,2.00,2,2,0.00,6,
158,Куркут,"Мандархан, о.Байкал","Иркутская область, Ольхонский район, Шара-Тоготское муниципальное  образование, д. Куркут, территория местность Мандархан, Куркут",1,,1.00,1,1,0.00,1,
159,Бурдугуз,Hygge Barn,"Нижняя набережная 5, Бурдугуз",1,,1.00,1,1,0.00,1,
160,Солзан,Меблированные комнаты на Горной Улице 7Б,"улица Горная, д. 7Б, Солзан",,,,,,,,
161,Железногорск-Илимский,Отель Изумруд,"7-й квартал, д.20, Железногорск-Илимский",,,,,,,,
162,Большое Голоустное,Для компании,"улица Кирова, д.2Б, Большое Голоустное",1,,1.00,1,1,0.00,1,
163,Железногорск-Илимский,Отель Комильфо,"улица Иващенко, д.20, Железногорск-Илимский",,,,,,,,
164,Большая Речка,Loft House 38,"51.947037, 104.753515, Большая Речка",4,,4.00,4,4,0.00,6,
165,Иркутск,Гостиница Альбатрос,"улица Ширямова, стр.15б/1, Иркутск",,,,,,,,
166,Иркутск,Отель Marx Hotel,"улица Карла Маркса, д.15 А, Иркутск",8,,8.00,8,8,30.77,16,
167,Братск,Отель Taiga,"улица Мира, дом 35, Братск",27,,27.00,27,27,26.73,44,
168,Хужир,Отель Флагман Ольхона,"улица Молодёжная, д.1, Хужир",,,,,,,,
169,Иркутск,Гостиница Riverside,"улица Байкальская, д.234 В/7, Иркутск",,,,,,,,
170,Тулун,Спорткомплекс Озерный Тулун,"улица Карбышева, д.185, Тулун",1,,1.00,1,1,0.00,1,
171,Братск,Времена Года,"Улица Подбельского 12, Братск",9,,9.00,9,9,37.50,18,
172,Братск,Отель Луна,"Комсомольская улица, д. 65А, Братск",3,,3.00,3,3,13.64,5,
173,Усть-Кут,Отель Флагман,"Россия, Иркутская область, Усть-Кут, ул. Калинина, д. 8, Усть-Кут",5,,5.00,5,5,38.46,10,
174,Большое Голоустное,Меблированные комнаты в Русском Стиле,"улица Кирова, д.2Б, Большое Голоустное",2,,2.00,2,2,0.00,8,
175,Солзан,Барнхаус,"улица Восточная, д.4Б, Солзан",,,,,,,,
176,Иркутск,Отель Harat's inn,"ул Дальневосточная, д. 158/6, Иркутск",10,,10.00,10,10,83.33,10,
177,Листвянка,Отель Ларус,"улица Октябрьская, дом 8, Листвянка",4,,4.00,4,4,28.57,7,
178,Иркутск,Отель Воздушная Гавань,"улица Ширямова, д.6, Иркутск",30,,30.00,30,30,21.43,60,
179,Листвянка,Небо Байкала,"улица Горького, д.133/2, Листвянка",6,,6.00,6,6,0.00,13,
180,Иркутск,Cолнечный,"село Пивовариха, поселок Солнечный, улица Лунная, д.19, Иркутск",,,,,,,,
181,Листвянка,Меблированные комнаты Домик на холме,"улица Суворова, д.19, Листвянка",1,,1.00,1,1,0.00,3,
182,Мангутай,Отель Сибирская резиденция Лёд Байкала,"Слюдянский район, пос.Мангутай, ул. Байкальская, 1В, Мангутай",2,,2.00,2,2,0.00,2,
183,Иркутск,Отель гостиница Автовокзал,"улица Октябрьской Революции, 11, Иркутск",,,,,,,,
184,Иркутск,Диво Байкала 1,"улица 4-я Железнодорожная, д.57, Иркутск",,,,,,,,
185,Большое Голоустное,Wind Lake,"2-я Рейдовая улица, д.12, Большое Голоустное",18,,18.00,18,18,0.00,28,
186,Большое Голоустное,"Парк-отель ""Азатай""","Подкамень местечко, 1, Большое Голоустное",37,,37.00,37,37,0.00,78,
187,Кузнецовка,Сибирь,"Россия, Иркутская область, Жигалово, ул. Калинка, д. 1, Кузнецовка",1,,1.00,1,1,0.00,1,
188,Хужир,Хоромы,"Северная улица, д. 5/1, Хужир",31,,31.00,31,31,0.00,55,
189,Хужир,Викинг Хаус,"Северная улица, 5а/1, Хужир",2,,2.00,2,2,0.00,4,
190,Утулик,"Парк отель ""Байкал""","Утулик, Территория туристической базы ""Байкал""",,,,,,,,
191,Иркутск,"Апарт -отель ""BaikalStory ""","Иркутск, улица Лыткина, 9/6",,2,2.00,2,2,20.00,,10
192,Иркутск,"Мини-отель ""Проспект""","Иркутск, проспект Маршала Жукова, 5/4",,3,3.00,3,3,75.00,,12
193,Иркутск,"Апарт-отель ""Sokolov Hotel""","Иркутск, Байкальская улица, 129",,13,13.00,13,13,43.33,,49
194,Иркутск,"Бутик-отель ""География""","Иркутск, улица 3 Июля, 17/1",,6,6.00,6,6,50.00,,16
195,Иркутск,"Мини-отель ""Nice People""","Иркутск, Ямская улица, 11",,2,2.00,2,2,33.33,,4
196,Иркутск,"Гостиница ""Ochagof""","Иркутск, Дальневосточная улица, 21",,4,4.00,4,4,17.39,,12
197,Иркутск,"Гостиница ""Добрый Кот""","Иркутск, улица Румянцева, 22",,,,,,,,
198,Иркутск,"Гостиница ""130Hotel""","Иркутск, улица Лапина, 43А",,5,5.00,5,5,41.67,,9
199,Деревня Курма,"Парк отель ""Уюга""","Деревня Курма, Парк отель ""Уюга""   , б.н",,10,10.00,10,10,17.24,,38
200,Ангарск,Гостиница Олимпиада,"Ангарск, улица Чайковского, 48",,5,5.00,5,5,20.00,,8
201,Хужир,"Отель ""Точка Байкала""","Хужир, Байкальская улица, 64",,,,,,,,
202,Иркутск,"Гостиница ""Usadba 50 ( Усадьба 50)""","Иркутск, улица Дзержинского, 50",,0,0.00,0,0,0.00,,0
203,Иркутск,"Апарт-отель ""Светлый""","Иркутск, Первая, 2а/2",,4,4.00,4,4,66.67,,8
204,Иркутск,"Гостиница"" Аврора""","Иркутск, улица Карла Либкнехта, 7Б",,1,1.00,1,1,14.29,,2
205,Иркутск,"Гостиница  ""Воробьевы горы""","Иркутск, Ольхонский район, местность Тутай, 1, 1",,7,7.00,7,7,63.64,,28
206,Хужир,Hotel Olhon 2*,"Хужир, Байкальская улица, 64/1",,,,,,,,
207,Ангарск,"Отель"" Арбат""","Ангарск, 192 квартал, 7",,5,5.00,5,5,45.45,,9
208,Иркутск,Гостиница «Усадьба Егорова»,"Иркутск, улица Грязнова, 2",,7,7.00,7,7,70.00,,17
209,Иркутск,"Бутик-отель ""Маруся""","Иркутск, улица Седова, 12",,5,5.00,5,5,35.71,,12
210,Иркутск,Отель «Байкал-Аляска»,"Иркутск, Старо-Кузьмихинская улица, 37/3",,4,4.00,4,4,16.67,,8
211,Нижнеудинск,"Отель ""Магистраль""","Нижнеудинск, Красноармейская улица, 43, 43",,9,9.00,9,9,42.86,,25
212,Братск,"Отель ""Санаторий Солнечный""","Братск, улица Северный Артек, 10",,2,2.00,2,2,1.60,,4
213,Ангарск,"Гостиница ""Малый отель""","Ангарск, 7-й микрорайон, 35",,,,,,,,
214,Иркутск,"Гостиница ""Березка""","Иркутск, улица Седова, 16/1",,2,2.00,2,2,50.00,,8
