ota_hotel_id,name,date,rooms_num,free_rooms_amount,max_capacity,available_rooms_percent,min_price
taiga_2,Отель Тайга,2026-09-07,101,48,97,47.52,5531.00
azimut_aeroport_irkutsk_hotel,AZIMUT Отель Аэропорт Иркутск 4*,2026-09-07,100,51,101,51.0,7000.00
rus_hotel_irkutsk,Гостиничный Комплекс Русь,2026-09-07,56,16,28,28.57,3640.00
klubnyij_kvartal_apartments,Клубный Квартал,2026-09-07,48,15,42,31.25,3500.00
hotel_angara,Отель Ангара-Приоритет,2026-09-07,31,5,12,16.13,4500.00
otel_irkut,Отель Иркут,2026-09-07,30,14,25,46.67,3350.00
hotel_premium_hotel_pushkin,Премиум-отель Пушкин,2026-09-07,46,23,46,50.0,18000.00
hotel_anastasiya_2,Отель ГК Анастасия,2026-09-07,26,28,53,100.0,8190.00
hotel_harats_inn,Отель Harat's inn,2026-09-07,12,10,20,83.33,4352.00
victory_hotel_4,Гостиница Виктория,2026-09-07,30,16,32,53.33,4800.00
hotel_flagman_olkhona,Отель Флагман Ольхона,2026-09-07,15,11,22,73.33,6132.00
grand_baikal,Отель Гранд Байкал,2026-09-07,64,10,19,15.62,3066.00
evropa_hotel,Отель Европа,2026-09-07,58,20,45,34.48,6120.00
baykal_shale_guest_house,Байкал Шале,2026-09-07,11,11,26,100.0,4700.00
hotel_nikola_2,Отель Никола,2026-09-07,27,32,66,100.0,6021.00
divobaykala_flat_1,Диво Байкала 1,2026-09-07,0,1,2,100.0,2550.00
wind_lake_guest_house,Wind Lake,2026-09-07,15,15,30,100.0,14639.00
hotel_olkhonhill,Отель Olkhon-hill,2026-09-07,17,15,30,88.24,5500.00
vera_baikal,Отель Вера Байкал,2026-09-07,38,41,82,100.0,7400.00
hotel_nuur_hotel,Отель Nuur Hotel,2026-09-07,28,6,16,21.43,7800.00
mayak_hotel_listvyanka,Отель Маяк,2026-09-07,54,20,40,37.04,7000.00
baykal_khan_listvyanka,Отель Байкал Хан п.Листвянка,2026-09-07,18,7,14,38.89,6960.00
guest_house_baykaliya,Байкалия,2026-09-07,0,5,10,100.0,7421.00
miniotel_good_hotel,Мини-Отель Good Hotel,2026-09-07,6,2,4,33.33,2200.00
podlemorie_hotel,Отель Подлеморье,2026-09-07,14,2,4,14.29,9500.00
history_boutiquehotel,Отель HISTORY Бутик-отель и СПА,2026-09-07,40,41,82,100.0,22443.75
best_eastern_hotel_zvezda,Отель Звезда,2026-09-07,65,39,80,60.0,9096.00
dohodnyij_dom_listratvoj_butikhotel,Отель Доходный дом Листратовой,2026-09-07,15,8,15,53.33,3330.00
inn_business_hall,Отель Business Hall,2026-09-07,18,12,23,66.67,3790.00
baza_otdykha_gostiny_dvor_vdokhnovenie,Отель Гостиный Двор Вдохновение,2026-09-07,34,12,29,35.29,5000.00
lyuks_hotel_4,Отель Люкс,2026-09-07,15,8,17,53.33,2473.00
larus,Отель Ларус,2026-09-07,14,4,8,28.57,3784.00
gostevoy_dom_sunrise,Sunrise,2026-09-07,0,4,10,100.0,7421.00
the_sky_of_lake_baikal,Небо Байкала,2026-09-07,0,10,23,100.0,3463.00
eko_baikalwood_hotel,Отель БайкалВуд,2026-09-07,44,12,26,27.27,10925.00
atlas_hotel_3,Гостиница Атлас,2026-09-07,29,4,10,13.79,5392.80
archi_apt_apartments,Отель Baikal Archi Apt,2026-09-07,7,2,4,28.57,3807.00
international_hotel_sayen,SAYEN,2026-09-07,25,13,26,52.0,20000.00
ibis_irkutsk_center,Отель Ибис Иркутск Центр,2026-09-07,128,32,64,25.0,7250.00
city_park_hotel_13,Меблированные комнаты City Park,2026-09-07,0,7,14,100.0,2339.00
hotel_kurshavel_,Отель Куршавель,2026-09-07,15,15,32,100.0,4000.00
bolshoe_puteshestvie_hotel,Кемпинг Отель Ольхон,2026-09-07,10,17,47,100.0,3953.00
hotel_arakhis,Отель Арахис,2026-09-07,8,6,12,75.0,3462.00
mini_hotel_vizit,Гостиница Визит,2026-09-07,8,3,7,37.5,2671.00
malinovka_3,Малиновка,2026-09-07,0,5,13,100.0,2473.00
apartamentyi_v_irkutske,Меблированные комнаты в Иркутске,2026-09-07,0,2,4,100.0,1483.00
matreshka_hotel,Отель Матрешка,2026-09-07,35,27,53,77.14,4560.00
alaniya,Алания,2026-09-07,0,12,33,100.0,3958.00
minihotel_albatros,Гостиница Альбатрос,2026-09-07,12,9,22,75.0,2900.00
bajkal_severnoe_more_hotel,Отель Байкал - Северное Море,2026-09-07,119,74,150,62.18,7579.00
kupechesky_dvor_hotel,Отель Купеческий Дворъ,2026-09-07,14,11,22,78.57,8108.00
angara_hotel,Ангара Отель,2026-09-07,300,59,110,19.67,5250.00
baikal_business_center_hotel,Отель Байкал Бизнес Центр,2026-09-07,59,6,12,10.17,6900.00
montana_hostel,Меблированные комнаты Montana,2026-09-07,22,6,6,27.27,900.00
miniotel_serdtse_baykala,Сердце Байкала,2026-09-07,0,5,16,100.0,12369.00
magas,Отель на Перроне,2026-09-07,25,17,32,68.0,1483.00
gostevoj_dom_otdyih_na_bajkale,Отель Отдых на Байкале,2026-09-07,11,9,21,81.82,2972.00
baykal_guest_house_3,Меблированные комнаты Байкал,2026-09-07,0,13,27,100.0,2572.00
uda_2,Отель УДА,2026-09-07,45,27,40,60.0,1682.00
armat_hotel,Отель Армат,2026-09-07,40,59,118,100.0,5200.00
vozdushnaya_gavan,Отель Воздушная Гавань,2026-09-07,140,27,54,19.29,5343.00
lotos_hotel,Отель Лотос,2026-09-07,23,13,27,56.52,1200.00
less_guest_house,Меблированные комнаты Лесс,2026-09-07,0,6,11,100.0,9792.00
gostinitsa_solntse,Гостиница Солнце,2026-09-07,58,4,5,6.9,11523.00
guest_house_baykal,В объятиях Байкала,2026-09-07,0,4,12,100.0,7000.00
empire_hotel_3,Гостиница Империя,2026-09-07,49,3,5,6.12,5300.00
olkhonstory_guest_house,История Ольхона,2026-09-07,6,12,24,100.0,7048.00
hotel_sozvezdie_baikala,Отель Созвездие Байкала,2026-09-07,22,15,30,68.18,6300.00
7_dorog,Гостиница 7 дорог,2026-09-07,19,7,14,36.84,6000.00
legendy_baykala,Гостиница Легенды Байкала,2026-09-07,18,6,9,33.33,1163.00
domik_na_kholme_guest_house,Меблированные комнаты Домик на холме,2026-09-07,0,1,3,100.0,16920.00
baikal_view_hotel,Baikal View Hotel,2026-09-07,99,81,172,81.82,13423.00
tikhaya_gavan_4,"Отель ""Тихая Гавань""",2026-09-07,12,3,8,25.0,4057.00
dauria_hotel_2,Отель Даурия,2026-09-07,4,17,36,100.0,5500.00
aristokrat_hotel,Отель Аристократ,2026-09-07,12,10,18,83.33,6100.00
magnetit,Отель Магнетит,2026-09-07,46,31,44,67.39,2700.00
izumrud_hotel_7,Отель Изумруд,2026-09-07,9,4,6,44.44,4947.00
guesthouse_dudeevukh,Меблированные комнаты Дудеевых,2026-09-07,0,1,2,100.0,3463.00
miniotel_medveditsa,Меблированные комнаты Медведица,2026-09-07,0,7,14,100.0,4660.00
smart_hotel_kdo_irkutsk_hotel,Отель Smart Hotel Иркутск,2026-09-07,7,4,9,57.14,1800.00
yakovlev_hotel,Отель Яковлевъ,2026-09-07,25,5,10,20.0,3655.00
parus_18,Курортный отель Парус,2026-09-07,17,10,20,58.82,5100.00
momant_house_recreation_camp,Momant house,2026-09-07,0,3,10,100.0,3958.00
tochka_baykala_hotel,Отель Точка Байкала,2026-09-07,38,24,24,63.16,7000.00
olkhon_inn,Olkhon Inn,2026-09-07,0,36,72,100.0,5700.00
praskovya_guest_house,Отель Прасковья,2026-09-07,12,2,3,16.67,1979.00
dream_of_baikal_hotel,Отель Dream of Baikal,2026-09-07,19,14,24,73.68,6530.00
luna_hotel_9,Отель Луна,2026-09-07,22,5,9,22.73,3000.00
alpari,Гостиница Альпари,2026-09-07,10,8,17,80.0,2373.00
recreation_centre_baikal_rainbow,База отдыха Байкальская Радуга,2026-09-07,31,8,18,25.81,6316.00
azatai_park_hotel,"Парк-отель ""Азатай""",2026-09-07,0,33,73,100.0,14849.00
hotel_kosmos_5,Отель Космос,2026-09-07,16,5,11,31.25,2646.00
gostinitsa_akademicheskaya,Отель Гостиница Академическая,2026-09-07,48,13,24,27.08,3000.00
flagman_hotel,Отель Флагман,2026-09-07,10,3,7,30.0,6000.00
u_lukomorya_4,У Лукоморья,2026-09-07,0,7,14,100.0,5689.00
hotel_rodina_grand_hotel_spa_irkutsk_5,Отель RODINA Grand Hotel & SPA Irkutsk 5*,2026-09-07,79,9,18,11.39,46000.00
gostinitsa_undina,Отель Ундина,2026-09-07,30,28,56,93.33,8905.00
hotel_soyuz_2,Жилое помещение Союз,2026-09-07,84,45,90,53.57,5600.00
baykal_khan_hotel_olkhon,Отель Байкал-Хан Ольхон,2026-09-07,40,14,28,35.0,13422.00
bajkalskie_sezonyi,Отель Парк Байкальские сезоны,2026-09-07,22,21,43,95.45,11478.00
guest_house_vremena_goda,Времена Года,2026-09-07,24,1,2,4.17,7800.00
burduguz_hotel_2,Парк-Отель Бурдугуз,2026-09-07,69,11,22,15.94,22525.00
hotel_baikal_best_edelweiss,Отель Байкал Эдельвейс,2026-09-07,10,5,10,50.0,5145.00
glemping_hygge_barn,Hygge Barn,2026-09-07,0,1,1,100.0,12369.00
inn_oasis_2,База отдыха Оазис,2026-09-07,13,11,21,84.62,4947.00
hotel_aziyayevropa,Отель Азия-Европа,2026-09-07,19,14,28,73.68,3956.00
amurskiy,Отель Амурский,2026-09-07,17,12,28,70.59,19900.00
bely_bereg,Отель Белый берег,2026-09-07,5,5,12,100.0,6300.00
artrezidentsiya_port_olhon,Арт-отель Порт Ольхон,2026-09-07,65,28,56,43.08,11500.00
hotel_olimpiada,Олимпиада,2026-09-07,29,16,20,55.17,800.00
green_hotel_,Грин Отель,2026-09-07,22,18,37,81.82,3518.00
gostevoi_dom_margobai,Отель Маргобай,2026-09-07,14,31,54,100.0,1877.00
hotel_shvedka,Отель ШВЕДКА,2026-09-07,29,20,27,68.97,2200.00
yolochka,Меблированные комнаты Ёлочка,2026-09-07,6,9,19,100.0,3700.00
hotel_gostinitsa_dinamo,Отель Динамо,2026-09-07,39,20,38,51.28,1128.00
hotel_yubileinaya__2,Гостиница Юбилейная,2026-09-07,23,3,6,13.04,2749.00
gostinitsa_ustilim,Усть-Илим,2026-09-07,80,24,28,30.0,1102.00
vostochnaia,Гостиница Восточная,2026-09-07,26,23,46,88.46,4200.00
hotel_shishki,Меблированные комнаты Шишки,2026-09-07,0,1,2,100.0,9588.00
tri_kita_2,Отель Три Кита,2026-09-07,11,3,5,27.27,2554.00
planeta_9,Планета,2026-09-07,33,11,22,33.33,2969.00
solnechny_guest_house_7,Cолнечный,2026-09-07,0,2,4,100.0,1182.00
gostevoy_dom_holiday_park_on_olkhon,Holiday park on Olkhon,2026-09-07,0,6,12,100.0,4226.00
v_samom_tsentre_irkutska_minihotel,Отель В Сердце Иркутска,2026-09-07,6,1,4,16.67,5250.00
lenatour,Отель  Ленатур,2026-09-07,8,3,9,37.5,3995.00
nochleg_i_zavtrak_bb_shambala,Загородный отель Шамбала,2026-09-07,10,8,16,80.0,7916.00
minihotel_panda,Отель ДиаДэй,2026-09-07,9,1,2,11.11,3600.00
mihail_strogov,Отель Михаил Строгов,2026-09-07,20,1,1,5.0,6172.00
gostevoj_dom_na_zvezdinskoj,Отель на Звездинской,2026-09-07,25,35,75,100.0,4166.00
kheyvitsa_guest_house,Отель Гостевой Дом Хейвица,2026-09-07,8,2,5,25.0,7223.00
baza_otdykha_akvamarin,Аквамарин,2026-09-07,35,14,29,40.0,8114.00
yupiter,Юпитер,2026-09-07,23,3,6,13.04,3000.00
svetly_aparthotel,Отель Светлый,2026-09-07,6,5,10,83.33,4500.00
hotel_gostinitsa_avtovokzal,Отель Автовокзал,2026-09-07,22,7,10,31.82,2572.00
meridian_7,Отель Меридиан,2026-09-07,33,22,36,66.67,4200.00
ozerny_tulun_sports_complex_na_karbysheva_185_apartment,Спорткомплекс Озерный Тулун на Карбышева 185,2026-09-07,0,2,4,100.0,3560.00
lazurny_bereg_hotel_,Гостиница Лазурный берег,2026-09-07,65,5,10,7.69,4500.00
gostevoy_dom_chilla_villa_baikal,Гостевой дом Chilla_villa_baikal,2026-09-07,0,1,3,100.0,10928.00
hotel_khotej,Отель Хотэй,2026-09-07,25,24,52,96.0,8050.00
aura_living_quarters,Меблированные комнаты Аура,2026-09-07,0,6,12,100.0,5838.00
krestovaya_pad_hotel,Гостиница Крестовая падь,2026-09-07,27,9,19,33.33,9500.00
tsentr_otdykha_dashi,Центр отдыха Да-ши,2026-09-07,20,20,54,100.0,10360.00
flagman_hotel_4,Отель Флагман,2026-09-07,13,6,12,46.15,6000.00
arena_on_sverdlov,"Меблированные комнаты общежитие ""Арена на Свердлова""",2026-09-07,0,18,29,100.0,3166.00
baza_otdykha_village_hvoy,Вилладж Хвоя,2026-09-07,0,10,20,100.0,7005.00
hotel_pushkin_2,Отель ПушкинЪ,2026-09-07,23,26,52,100.0,7814.00
katantsa_hotel,Отель Катанца,2026-09-07,19,12,24,63.16,4500.00
v_derevne_guest_house,Уютный дом,2026-09-07,0,3,3,100.0,2389.00
modul,Гостиница Комфорт,2026-09-07,12,7,9,58.33,3705.00
irkutsk_city_lodge,Отель Иркутск Сити Лодж,2026-09-07,4,3,6,75.0,3763.00
beliy_sobol_parkhotel,Парк-отель Белый Соболь,2026-09-07,32,20,48,62.5,7200.00
private_house_uedinenny_dom_na_beregu_zhivopisnoy_zavodi,Байкал 51,2026-09-07,0,1,3,100.0,24243.00
dom_baykal_guest_house,Меблированные комнаты Дом Байкал,2026-09-07,15,13,35,86.67,3166.00
lada_8,Отель Гостиница ЛАДА,2026-09-07,22,6,8,27.27,3900.00
camping_yelochka_kempinghotel,Отель Елочка,2026-09-07,118,16,32,13.56,5213.00
hostel_katrin_2,Катрин,2026-09-07,0,14,14,100.0,1548.00
legend_of_baikal,Отель Легенда Байкала,2026-09-07,35,7,14,20.0,9375.00
riderside,Гостиница Riverside,2026-09-07,8,1,2,12.5,3100.00
apartments_viking_khaus,Викинг Хаус,2026-09-07,0,1,2,100.0,15500.00
tengis_park_hotel,Отель Тэнгис,2026-09-07,11,11,11,100.0,12858.00
marx_hotel,Отель Маркс,2026-09-07,26,9,18,34.62,5200.00
royal_hotel_33,Отель Рояль,2026-09-07,27,19,34,70.37,3803.00
arena_g_irkutsk,Отель Арена Иркутск,2026-09-07,15,16,32,100.0,3039.00
rodnye_berega_holiday_park_,База Отдыха Родные Берега,2026-09-07,26,6,11,23.08,10000.00
hotel_complex_baikalov_ostrog,Гостиница Байкалов Острог,2026-09-07,0,65,130,100.0,10500.00
hotel_barguzin,Меблированные комнаты Баргузин,2026-09-07,0,8,26,100.0,7916.00
recreation_complex_altan,Парк-Отель Алтан,2026-09-07,25,28,64,100.0,14842.00
oktyabrskaya_minihotel,Октябрьская,2026-09-07,0,4,7,100.0,1500.00
gloria_20,Отель Глория,2026-09-07,14,3,5,21.43,6233.00
metelitsa_6,Отель Метелица,2026-09-07,5,5,10,100.0,2369.00
olkhon_house_guest_family_house,Olkhon Family House,2026-09-07,0,4,7,100.0,4947.00
trakstop_38_2,Тракстоп 38,2026-09-07,11,4,9,36.36,5194.00
khoromy_recreation_camp,Хоромы,2026-09-07,0,28,50,100.0,4000.00
mir_baykala_hotel,Отель Мир Байкала,2026-09-07,29,15,23,51.72,11874.00
home_hotel_apartments_home_wanted_on_piskunov_street,Апартаменты Home Hotel (Хоум Отель) на улице Пискунова,2026-09-07,0,2,2,100.0,3342.00
gostevoy_dom_mandarkhan_obaykal,"Мандархан, о.Байкал",2026-09-07,0,1,1,100.0,22185.00
v_gostyakh_u_dubrovskikh_guest_house,В гостях у ДУБРОВСКИХ,2026-09-07,0,1,5,100.0,19790.00
dlya_kompanii_guest_house,Для компании,2026-09-07,0,1,1,100.0,23748.00
v_russkom_stile_guest_house,Меблированные комнаты в Русском Стиле,2026-09-07,0,2,8,100.0,5937.00
na_beregu_baykala_guest_house,На берегу Байкала,2026-09-07,0,1,3,100.0,6926.00
loft_house_38_guest_house,Loft House 38,2026-09-07,0,4,12,100.0,12369.00
baykkalina_guest_house,БайкКалина,2026-09-07,0,3,5,100.0,7916.00
aleksandrovskij_dvor,Александровский двор,2026-09-07,0,2,8,100.0,5689.00
hotelclub_ice,Отель Сибирская резиденция Лёд Байкала,2026-09-07,0,2,2,100.0,12000.00
rezidentsii_rodina_irkutsk,Резиденции Rodina Irkutsk,2026-09-07,0,10,20,100.0,28000.00
baikalov_ostrog,Bajkal-Ujuga,2026-09-07,0,70,130,100.0,11490.00
glempingotel_yolki_recreation_camp,Аян,2026-09-07,0,4,20,100.0,14842.00
maksi_hotel,Отель Макси,2026-09-07,2,2,4,100.0,3463.00
profsoyuznaya_hotel_4,Профсоюзная,2026-09-07,0,68,136,100.0,3196.00
hotel_baikal_krai,Усадьба Байкальский край,2026-09-07,0,3,5,100.0,7227.00
lakeplacebaykal_living_quarters,Меблированные комнаты ЛэйкПлэйсБайкал,2026-09-07,0,4,8,100.0,7916.00
living_quarters_uyutnye_dlya_dvoikh,Меблированные комнаты Уютные для Двоих,2026-09-07,0,6,12,100.0,2011.00
