ota_hotel_id,master_id,name,name_en,city,address,latitude,longitude,url,rooms_number,first_seen_date,last_seen_date
sobolinka_parkhotel_2,9761022,Парк-отель Соболинка,Sobolinka Park-Hotel,Байкальск,"квартал Красный Ключ, д.90, Байкальск",51.513905,104.12188,https://ostrovok.ru/hotel/russia/irkutsk/mid9761022/sobolinka_parkhotel_2,38,2026-03-17,2026-04-29
victory_hotel_4,8457230,Гостиница Виктория,Viktoriya Hotel,Иркутск,"улица Богдана Хмельницкого, д.1 Иркутск, Россия, Иркутск",52.283413,104.28748,https://ostrovok.ru/hotel/russia/irkutsk/mid8457230/victory_hotel_4,30,2026-03-17,2026-09-08
vera_baikal,13308776,Отель Вера Байкал,Vera Baykal Hotel,Листвянка,"улица Горького, 8, Листвянка",51.843483,104.87859,https://ostrovok.ru/hotel/russia/irkutsk/mid13308776/vera_baikal,38,2026-03-17,2026-09-10
ibis_irkutsk_center,8734978,Отель Ибис Иркутск Центр,Ibis Irkutsk Tsentr Hotel,Иркутск,"улица Полины Осипенко, дом 5, Иркутск",52.28745,104.27029,https://ostrovok.ru/hotel/russia/irkutsk/mid8734978/ibis_irkutsk_center,128,2026-03-17,2026-09-10
olkhonstory_guest_house,8876953,История Ольхона,Olkhon Story,Хужир,"улица Народная, д.19, Хужир",53.197918,107.35988,https://ostrovok.ru/hotel/russia/irkutsk/mid8876953/olkhonstory_guest_house,6,2026-03-17,2026-09-10
dizajnerskaya_kvartira_v_tsentre_irkutska,9995434,Квартира в центре Иркутска,V Tsentre Irkutska,Иркутск,"улица Российская, д. 14А, Иркутск",52.28573,104.27709,https://ostrovok.ru/hotel/russia/irkutsk/mid9995434/dizajnerskaya_kvartira_v_tsentre_irkutska,,2026-03-17,2026-05-01
evropa_hotel,7828771,Отель Европа,Evropa Hotel,Иркутск,"улица Байкальская, д.69, Иркутск",52.274567,104.304855,https://ostrovok.ru/hotel/russia/irkutsk/mid7828771/evropa_hotel,58,2026-03-17,2026-09-10
irkutsk_city_center,13384478,Отель Иркутск Сити Центр,Irkutsk Siti Centr Hotel,Иркутск,"ул. Чкалова, д. 15, Иркутск",52.28786,104.27297,https://ostrovok.ru/hotel/russia/irkutsk/mid13384478/irkutsk_city_center,206,2026-03-17,2026-09-10
empire_hotel_3,7829344,Гостиница Империя,Empire Hotel,Иркутск,"улица Польских Повстанцев, стр. 1а/2, Иркутск",52.292038,104.2837,https://ostrovok.ru/hotel/russia/irkutsk/mid7829344/empire_hotel_3,49,2026-03-17,2026-09-10
rus_hotel_irkutsk,7774831,Гостиничный Комплекс Русь,Rus Hotel,Иркутск,"улица Свердлова,19, Иркутск",52.28431,104.27926,https://ostrovok.ru/hotel/russia/irkutsk/mid7774831/rus_hotel_irkutsk,56,2026-03-17,2026-09-10
dohodnyij_dom_listratvoj_butikhotel,9024017,Отель Доходный дом Листратовой,Dohodnyij Dom Listratovoj Hotel,Иркутск,"Подгорная улица, д.16, Иркутск",52.277744,104.29269,https://ostrovok.ru/hotel/russia/irkutsk/mid9024017/dohodnyij_dom_listratvoj_butikhotel,15,2026-03-17,2026-09-10
yakovlev_hotel,8742012,Отель Яковлевъ,Yakovlev` Hotel,Иркутск,"улица Тимирязева, д.9, Иркутск",52.27755,104.28911,https://ostrovok.ru/hotel/russia/irkutsk/mid8742012/yakovlev_hotel,25,2026-03-17,2026-09-10
miniotel_good_hotel,10013559,Мини-Отель Good Hotel,Good Hotel Mini-Hotel,Иркутск,"ул Сибирская, стр. 21/2, помещ. 1, Иркутск",52.26237,104.30276,https://ostrovok.ru/hotel/russia/irkutsk/mid10013559/miniotel_good_hotel,6,2026-03-17,2026-09-09
gostevoy_dom_sunrise,10485526,Sunrise,Sunrise,Хужир,"Первомайская улица, 25А, Хужир",53.196953,107.33776,https://ostrovok.ru/hotel/russia/irkutsk/mid10485526/gostevoy_dom_sunrise,,2026-03-17,2026-09-10
azimut_aeroport_irkutsk_hotel,13317260,AZIMUT Отель Аэропорт Иркутск 4*,AZIMUT Hotel Airport Irkutsk 4*,Иркутск,"ул. Ширямова, 10А, Иркутск",52.27366,104.35384,https://ostrovok.ru/hotel/russia/irkutsk/mid13317260/azimut_aeroport_irkutsk_hotel,100,2026-03-17,2026-09-10
hotel_nuur_hotel,13174758,Отель Nuur Hotel,Nuur Hotel,Иркутск,"улица Карла Либкнехта, д. 85, Иркутск",52.28169,104.30685,https://ostrovok.ru/hotel/russia/irkutsk/mid13174758/hotel_nuur_hotel,28,2026-03-17,2026-09-10
otel_irkut,8348721,Отель Иркут,Irkut Hotel,Иркутск,"улица Пролетарская, д.7, Иркутск",52.288887,104.28529,https://ostrovok.ru/hotel/russia/irkutsk/mid8348721/otel_irkut,30,2026-03-17,2026-09-10
bajkal_hotel,7965294,Отель Байкал,Hotel Baykal,Листвянка,"Академическая улица, 13, Листвянка",51.867683,104.83757,https://ostrovok.ru/hotel/russia/irkutsk/mid7965294/bajkal_hotel,72,2026-03-17,2026-09-10
angara_hotel,7806182,Ангара Отель,Angara Hotel,Иркутск,"улица Сухэ-Батора, д.7, Иркутск",52.287533,104.28244,https://ostrovok.ru/hotel/russia/irkutsk/mid7806182/angara_hotel,300,2026-03-17,2026-09-10
hotel_premium_hotel_pushkin,13310309,Премиум-отель Пушкин,Pushkin Premium Hotel,Иркутск,"ул. Сухэ-Батора, 18, Иркутск",52.28322,104.28573,https://ostrovok.ru/hotel/russia/irkutsk/mid13310309/hotel_premium_hotel_pushkin,46,2026-03-17,2026-09-10
7_dorog,7029576,Гостиница 7 дорог,7 Dorog Gostinitsa,Иркутск,"улица Ядринцева, д. 88, Иркутск",52.274845,104.335236,https://ostrovok.ru/hotel/russia/irkutsk/mid7029576/7_dorog,19,2026-03-17,2026-09-10
inn_business_hall,8735100,Отель Business Hall,Business Hall Hotel,Иркутск,"улица Свердлова, д.10, Иркутск",52.282608,104.27683,https://ostrovok.ru/hotel/russia/irkutsk/mid8735100/inn_business_hall,18,2026-03-17,2026-09-10
guest_house_baykaliya,13428580,Байкалия,Baykaliya,Листвянка,"Горная улица, 15, Листвянка",51.859745,104.86126,https://ostrovok.ru/hotel/russia/irkutsk/mid13428580/guest_house_baykaliya,,2026-03-17,2026-09-09
hotel_nikola_2,8748287,Отель Никола,Nikola Hotel,Никола,"Байкальский тракт 64-й км, поселок Никола, улица Ангарская, д. 15, Никола",51.892323,104.82522,https://ostrovok.ru/hotel/russia/irkutsk/mid8748287/hotel_nikola_2,27,2026-03-17,2026-09-10
international_hotel_sayen,7384846,SAYEN,SAYEN Hotel,Иркутск,"ул. Карла Маркса, 13Б, Иркутск",52.282074,104.283806,https://ostrovok.ru/hotel/russia/irkutsk/mid7384846/international_hotel_sayen,25,2026-03-17,2026-09-10
matreshka_hotel,6332937,Отель Матрешка,Matreshka Hotel,Иркутск,"Улица Софьи Перовской, д.31/1, Иркутск",52.282005,104.30065,https://ostrovok.ru/hotel/russia/irkutsk/mid6332937/matreshka_hotel,35,2026-03-17,2026-09-10
kheyvitsa_guest_house,11169967,Отель Гостевой Дом Хейвица,Gostevoj dom Kheyvitsa Hotel,Иркутск,"улица Дзержинского, д. 44, Иркутск",52.285812,104.297844,https://ostrovok.ru/hotel/russia/irkutsk/mid11169967/kheyvitsa_guest_house,8,2026-03-17,2026-09-10
apartamentyi_v_irkutske,9993445,Меблированные комнаты в Иркутске,Living Quarters v Irkutske,Иркутск,"переулок Алексеева, д.2А, Иркутск",52.263927,104.30125,https://ostrovok.ru/hotel/russia/irkutsk/mid9993445/apartamentyi_v_irkutske,,2026-03-17,2026-09-10
minihotel_panda,6479321,Отель ДиаДэй,DiaDey Hotel,Иркутск,"улица Профсоюзная, д. 10/2, Иркутск",52.284023,104.256004,https://ostrovok.ru/hotel/russia/irkutsk/mid6479321/minihotel_panda,9,2026-03-17,2026-09-10
gostinitsa_ustilim,7026078,Усть-Илим,Ust-Ilim,Усть-Илимск,"пр-кт. Дружбы Народов, д. 2, Усть-Илимск",57.95592,102.74821,https://ostrovok.ru/hotel/russia/irkutsk/mid7026078/gostinitsa_ustilim,80,2026-03-17,2026-09-10
arena_g_irkutsk,8491921,Отель Арена Иркутск,Arena Irkutsk Hotel,Иркутск,"ул. Желябова, 8А, Иркутск",52.288128,104.28727,https://ostrovok.ru/hotel/russia/irkutsk/mid8491921/arena_g_irkutsk,15,2026-03-17,2026-09-10
podlemorie_hotel,7679750,Отель Подлеморье,Podlemore Hotel,Листвянка,"улица Горького, д.31Б, Листвянка",51.854576,104.862686,https://ostrovok.ru/hotel/russia/irkutsk/mid7679750/podlemorie_hotel,14,2026-03-17,2026-09-10
hotel_kurshavel_,6456691,Отель Куршавель,Kurshavel Hotel,Байкальск,"микрорайон Южный, 1-й квартал, д.6, Байкальск",51.505707,104.14502,https://ostrovok.ru/hotel/russia/irkutsk/mid6456691/hotel_kurshavel_,15,2026-03-17,2026-09-10
amurskiy,9079548,Отель Амурский,Amurskij Hotel,Иркутск,"улица Ленина, д.34, Иркутск",52.280666,104.28177,https://ostrovok.ru/hotel/russia/irkutsk/mid9079548/amurskiy,17,2026-03-17,2026-09-10
gostinitsa_undina,9079103,Отель Ундина,Undina Hotel,Листвянка,"Ulitsa Kulikova,6, Листвянка",51.856808,104.858025,https://ostrovok.ru/hotel/russia/irkutsk/mid9079103/gostinitsa_undina,30,2026-03-17,2026-09-10
burduguz_hotel_2,7829252,Парк-Отель Бурдугуз,Burduguz Hotel,Бурдугуз,"улица Лесная, д.1, Бурдугуз",52.05705,104.60222,https://ostrovok.ru/hotel/russia/irkutsk/mid7829252/burduguz_hotel_2,69,2026-03-17,2026-09-10
hotel_aziyayevropa,13393268,Отель Азия-Европа,Hotel Aziya-Yevropa,Иркутск,"улица Ядринцева, 1/7, Иркутск",52.279037,104.336205,https://ostrovok.ru/hotel/russia/irkutsk/mid13393268/hotel_aziyayevropa,19,2026-03-17,2026-09-10
aristokrat_hotel,8745188,Отель Аристократ,Aristokrat Hotel,Иркутск,"улица Ленина, д.9, Иркутск",52.281384,104.281876,https://ostrovok.ru/hotel/russia/irkutsk/mid8745188/aristokrat_hotel,12,2026-03-17,2026-09-10
mihail_strogov,8469949,Отель Михаил Строгов,Mihail Strogov Hotel,Иркутск,"улица Депутатская, д. 36, Иркутск",52.27365,104.3207,https://ostrovok.ru/hotel/russia/irkutsk/mid8469949/mihail_strogov,20,2026-03-17,2026-09-10
city_park_hotel_13,9987117,Меблированные комнаты City Park,City Park Living quarters,Иркутск,"улица Красных Мадьяр, 29, Иркутск",52.273567,104.30006,https://ostrovok.ru/hotel/russia/irkutsk/mid9987117/city_park_hotel_13,,2026-03-17,2026-09-10
hotel_khotej,13330760,Отель Хотэй,Khotej Hotel,Хужир,"Ольхонская улица, 10, Хужир",53.194584,107.36046,https://ostrovok.ru/hotel/russia/irkutsk/mid13330760/hotel_khotej,25,2026-03-17,2026-09-10
mayak_hotel_listvyanka,7816262,Отель Маяк,Mayak Hotel,Листвянка,"улица Горького, дом 85а, Листвянка",51.847157,104.873566,https://ostrovok.ru/hotel/russia/irkutsk/mid7816262/mayak_hotel_listvyanka,54,2026-03-17,2026-09-10
grand_baikal,8481257,Отель Гранд Байкал,Grand Bajkal Hotel,Байкальск,"мкр. Красный Ключ, 91, Байкальск",51.509495,104.120804,https://ostrovok.ru/hotel/russia/irkutsk/mid8481257/grand_baikal,64,2026-03-17,2026-09-10
baikal_forest_hotel,9825031,Отель Форест,Forest Hotel,Иркутск,"улица Советская, д.58/1, Иркутск",52.275658,104.30523,https://ostrovok.ru/hotel/russia/irkutsk/mid9825031/baikal_forest_hotel,156,2026-03-17,2026-09-08
hotel_soyuz_2,8662950,Жилое помещение Союз,Living Quarters Soyuz,Иркутск,"проезд Юрия Тена, д.12/4, Иркутск",52.252377,104.256676,https://ostrovok.ru/hotel/russia/irkutsk/mid8662950/hotel_soyuz_2,84,2026-03-17,2026-09-10
dom_baykal_guest_house,10151922,Меблированные комнаты Дом Байкал,Dom Baikal,Иркутск,"улица Лапина, д. 14, Иркутск",52.27905,104.286156,https://ostrovok.ru/hotel/russia/irkutsk/mid10151922/dom_baykal_guest_house,15,2026-03-17,2026-09-10
baykal_guest_house_3,13308043,Меблированные комнаты Байкал,Baykal Lodging house,Листвянка,"улица Горная, д. 8А, Листвянка",51.857647,104.859604,https://ostrovok.ru/hotel/russia/irkutsk/mid13308043/baykal_guest_house_3,,2026-03-17,2026-09-10
miniotel_serdtse_baykala,11310800,Сердце Байкала,Serdtse Baykala,Листвянка,"улица Островского, 39, Листвянка",51.862244,104.869156,https://ostrovok.ru/hotel/russia/irkutsk/mid11310800/miniotel_serdtse_baykala,,2026-03-17,2026-09-10
montana_hostel,8746907,Меблированные комнаты Montana,Montana Living quarters,Иркутск,"улица Карла Либкнехта, д.6, Иркутск",52.28775,104.293526,https://ostrovok.ru/hotel/russia/irkutsk/mid8746907/montana_hostel,22,2026-03-17,2026-09-10
miniotel_medveditsa,10019685,Меблированные комнаты Медведица,Medveditsa,Большое Голоустное,"улица Кирова,д. 132а, Большое Голоустное",52.02641,105.39498,https://ostrovok.ru/hotel/russia/irkutsk/mid10019685/miniotel_medveditsa,,2026-03-17,2026-09-10
lotos_hotel,7744038,Отель Лотос,Lotos Hotel,Иркутск,"Байкальская улица, д.14 Б, Иркутск",52.278976,104.29911,https://ostrovok.ru/hotel/russia/irkutsk/mid7744038/lotos_hotel,23,2026-03-17,2026-09-10
lada_8,8878913,Отель Гостиница ЛАДА,Gostinitsa LADA Hotel,Хужир,"улица Таёжная, д.30, Хужир",53.189693,107.34768,https://ostrovok.ru/hotel/russia/irkutsk/mid8878913/lada_8,22,2026-03-17,2026-09-10
nochleg_i_zavtrak_bb_shambala,10012287,Загородный отель Шамбала,Shambala Country Hotel,Хужир,"ул Северная, з/у 12А, Хужир",53.19933,107.3538,https://ostrovok.ru/hotel/russia/irkutsk/mid10012287/nochleg_i_zavtrak_bb_shambala,10,2026-03-17,2026-09-10
baykal_khan_listvyanka,10360512,Отель Байкал Хан п.Листвянка,Baykal Khan p. Listvyanka Hotel,Листвянка,"рп. Листвянка, ул Гудина, д. 22а, Листвянка",51.846184,104.878456,https://ostrovok.ru/hotel/russia/irkutsk/mid10360512/baykal_khan_listvyanka,18,2026-03-17,2026-09-10
hotel_barguzin,10012829,Меблированные комнаты Баргузин,Barguzin,Хужир,"улица Ворошилова, д.23А, Хужир",53.19983,107.35153,https://ostrovok.ru/hotel/russia/irkutsk/mid10012829/hotel_barguzin,,2026-03-17,2026-09-10
best_eastern_hotel_zvezda,7806155,Отель Звезда,Star Hotel,Иркутск,"улица Ядринцева, д. 1Ж, Иркутск",52.277885,104.33643,https://ostrovok.ru/hotel/russia/irkutsk/mid7806155/best_eastern_hotel_zvezda,65,2026-03-17,2026-09-10
otel_tsentral,8748836,Отель Централь,Central Hotel,Иркутск,"переулок Богданова 8, Иркутск",52.286674,104.285194,https://ostrovok.ru/hotel/russia/irkutsk/mid8748836/otel_tsentral,48,2026-03-17,2026-09-10
kupechesky_dvor_hotel,8059354,Отель Купеческий Дворъ,Kupecheskij Dvor Hotel,Иркутск,"улица Седова, д.10, Иркутск",52.27513,104.28797,https://ostrovok.ru/hotel/russia/irkutsk/mid8059354/kupechesky_dvor_hotel,14,2026-03-17,2026-09-10
baikalskie_prostory,8476361,Байкальские просторы,Bajkalskie Prostoryi,Листвянка,"улица Чапаева, д. 41, Листвянка",51.85426,104.8729,https://ostrovok.ru/hotel/russia/irkutsk/mid8476361/baikalskie_prostory,8,2026-03-17,2026-04-03
legend_of_baikal,7776712,Отель Легенда Байкала,Legenda Bajkala Hotel,Листвянка,"Улица Исток Ангары, д.11, Листвянка",51.87289,104.828636,https://ostrovok.ru/hotel/russia/irkutsk/mid7776712/legend_of_baikal,35,2026-03-17,2026-09-10
baikal_view_hotel,7681558,Baikal View Hotel,Baikal View Hotel,Хужир,"улица Российская, д. 17, Хужир",53.1781,107.30675,https://ostrovok.ru/hotel/russia/irkutsk/mid7681558/baikal_view_hotel,99,2026-03-17,2026-09-10
baykal_khan_hotel_olkhon,6848973,Отель Байкал-Хан Ольхон,Bajkal-Han Olhon Hotel,Хужир,"улица Ворошилова, д. 18, Хужир",53.19855,107.351166,https://ostrovok.ru/hotel/russia/irkutsk/mid6848973/baykal_khan_hotel_olkhon,40,2026-03-17,2026-09-10
archi_apt_apartments,10211904,Отель Baikal Archi Apt,Baikal Archi Apt Hotel,Иркутск,"ул Некрасова, стр. 3а, помещ. 2, Иркутск",52.289085,104.28417,https://ostrovok.ru/hotel/russia/irkutsk/mid10211904/archi_apt_apartments,7,2026-03-17,2026-09-10
less_guest_house,11308288,Меблированные комнаты Лесс,Less Living quarters,Листвянка,"улица Куликова, д. 102а, Листвянка",51.86491,104.86681,https://ostrovok.ru/hotel/russia/irkutsk/mid11308288/less_guest_house,,2026-03-17,2026-09-10
mini_hotel_vizit,13384141,Гостиница Визит,Hotel Vizit,Иркутск,"ул Софьи Перовской, стр. 30, помещ. 4, Иркутск",52.28137,104.30118,https://ostrovok.ru/hotel/russia/irkutsk/mid13384141/mini_hotel_vizit,8,2026-03-17,2026-09-10
parus_18,9996236,Курортный отель Парус,Parus Hotel,Листвянка,"улица Горького, д.93А, Листвянка",51.846233,104.875244,https://ostrovok.ru/hotel/russia/irkutsk/mid9996236/parus_18,17,2026-03-17,2026-09-10
malinovka_3,9079016,Малиновка,Malinovka,Листвянка,"улица Суворова, д. 5а, Листвянка",51.864937,104.84327,https://ostrovok.ru/hotel/russia/irkutsk/mid9079016/malinovka_3,,2026-03-17,2026-09-10
hotel_rodina_grand_hotel_spa_irkutsk_5,11200427,Отель RODINA Grand Hotel & SPA Irkutsk 5*,Hotel Rodina Grand Hotel & Spa Irkutsk 5*,Иркутск,"ул. Николая Гаврилова, стр. 2, Иркутск",52.290024,104.26961,https://ostrovok.ru/hotel/russia/irkutsk/mid11200427/hotel_rodina_grand_hotel_spa_irkutsk_5,79,2026-03-17,2026-09-10
armat_hotel,8755884,Отель Армат,Armat Hotel,Иркутск,"улица Ширямова, д.33, Иркутск",52.256546,104.34678,https://ostrovok.ru/hotel/russia/irkutsk/mid8755884/armat_hotel,40,2026-03-17,2026-09-10
irkutsk_city_lodge,7729360,Отель Иркутск Сити Лодж,Irkutsk City Lodge Hotel,Иркутск,"ул Байкальская, д. 124/3, Иркутск",52.262657,104.309784,https://ostrovok.ru/hotel/russia/irkutsk/mid7729360/irkutsk_city_lodge,4,2026-03-17,2026-09-10
vesta_hotel_3,10669982,Отель Веста,Vesta Hotel,Иркутск,"улица Сурнова, д.30/1, Иркутск",52.31273,104.290436,https://ostrovok.ru/hotel/russia/irkutsk/mid10669982/vesta_hotel_3,27,2026-03-17,2026-07-09
alaniya,10003444,Алания,Alaniya,Листвянка,"улица Суворова, д.5В, Листвянка",51.86549,104.84128,https://ostrovok.ru/hotel/russia/irkutsk/mid10003444/alaniya,,2026-03-17,2026-09-10
royal_hotel_33,6362904,Отель Рояль,Royal Hotel,Иркутск,"улица Декабрьских событий, д. 31, Иркутск",52.28928,104.29745,https://ostrovok.ru/hotel/russia/irkutsk/mid6362904/royal_hotel_33,27,2026-03-17,2026-09-10
kalina_house_olkhon_baikal_guest_house,10608446,Конкордия,Konkordiya,Хужир,"улица Народная, д.15, поселок Хужир, Хужир",53.197468,107.35915,https://ostrovok.ru/hotel/russia/irkutsk/mid10608446/kalina_house_olkhon_baikal_guest_house,8,2026-03-17,2026-06-07
beliy_sobol_parkhotel,8571122,Парк-отель Белый Соболь,Beliy Sobol Park-Hotel,Байкальск,"мкрн. Красный Ключ, д.93, Байкальск",51.510708,104.119865,https://ostrovok.ru/hotel/russia/irkutsk/mid8571122/beliy_sobol_parkhotel,32,2026-03-17,2026-09-10
v_samom_tsentre_irkutska_minihotel,10664878,Отель В Сердце Иркутска,V Serdce Irkutska Hotel,Иркутск,"Киевская улица, д.34А, Иркутск",52.27854,104.29063,https://ostrovok.ru/hotel/russia/irkutsk/mid10664878/v_samom_tsentre_irkutska_minihotel,6,2026-03-17,2026-09-10
atlas_hotel_3,7883850,Гостиница Атлас,Atlas Hotel,Иркутск,"проезд Атласова, д.9, Иркутск",52.264576,104.32704,https://ostrovok.ru/hotel/russia/irkutsk/mid7883850/atlas_hotel_3,29,2026-03-17,2026-09-10
krestovaya_pad_hotel,7784565,Гостиница Крестовая падь,Krestovaya pad hotel,Листвянка,"ул. Горная, 14-А, Листвянка",51.85812,104.86028,https://ostrovok.ru/hotel/russia/irkutsk/mid7784565/krestovaya_pad_hotel,27,2026-03-17,2026-09-10
bajkalkemp,8742801,Байкал-кэмп,Baykal-kemp,Бугульдейка,"Россия, Иркутская область, Бугульдейка, ул. Пушкина, д. 15, Бугульдейка",52.537403,106.05819,https://ostrovok.ru/hotel/russia/irkutsk/mid8742801/bajkalkemp,,2026-03-17,2026-08-18
hotel_kosmos_5,10212636,Отель Космос,Hotel Kosmos,Байкальск,"Гагарина микрорайон, 2а, Байкальск",51.521896,104.15169,https://ostrovok.ru/hotel/russia/irkutsk/mid10212636/hotel_kosmos_5,16,2026-03-17,2026-09-10
gostevoj_dom_na_zvezdinskoj,6827039,Отель на Звездинской,Na Zvezdinskoj Hotel,Иркутск,"Улица Звездинская, д. 5/1, Иркутск",52.273518,104.256294,https://ostrovok.ru/hotel/russia/irkutsk/mid6827039/gostevoj_dom_na_zvezdinskoj,25,2026-03-17,2026-09-10
hotel_gostinitsa_dinamo,10295894,Отель Динамо,Dinamo Hotel,Иркутск,"улица Баррикад, д.42, Иркутск",52.290123,104.32051,https://ostrovok.ru/hotel/russia/irkutsk/mid10295894/hotel_gostinitsa_dinamo,39,2026-03-17,2026-09-10
yolochka,9992200,Меблированные комнаты Ёлочка,Yolochka,Листвянка,"улица Чапаева, д.8, Листвянка",51.851433,104.87036,https://ostrovok.ru/hotel/russia/irkutsk/mid9992200/yolochka,6,2026-03-17,2026-09-10
hotel_sozvezdie_baikala,8666978,Отель Созвездие Байкала,Sozvezdie Bajkala Hotel,Листвянка,"Улица Партизанская, д.14, Листвянка",51.843994,104.88747,https://ostrovok.ru/hotel/russia/irkutsk/mid8666978/hotel_sozvezdie_baikala,22,2026-03-17,2026-09-10
lazurny_bereg_hotel_,7797591,Гостиница Лазурный берег,Lazurny bereg Hotel,Иркутск,"Байкальская улица, д. 252Б, Иркутск",52.2534,104.33767,https://ostrovok.ru/hotel/russia/irkutsk/mid7797591/lazurny_bereg_hotel_,65,2026-03-17,2026-09-10
gostevoy_dom_briz_3,10622187,Меблированные комнаты БРИЗ,Briz,Листвянка,"улица Гудина,71, Листвянка",51.85018,104.88178,https://ostrovok.ru/hotel/russia/irkutsk/mid10622187/gostevoy_dom_briz_3,16,2026-03-17,2026-08-30
baykal_shale_guest_house,13431413,Байкал Шале,Baykal Shale,Листвянка,"улица Гудина, д.75, Листвянка",51.850624,104.8825,https://ostrovok.ru/hotel/russia/irkutsk/mid13431413/baykal_shale_guest_house,11,2026-03-17,2026-09-09
eko_baikalwood_hotel,8737003,Отель БайкалВуд,BaikalWood Hotel,Хужир,"улица Светлая, д.5, Хужир",53.193813,107.3616,https://ostrovok.ru/hotel/russia/irkutsk/mid8737003/eko_baikalwood_hotel,44,2026-03-17,2026-09-10
hotel_baikal_best_edelweiss,9991110,Отель Байкал Эдельвейс,Baikal Edelweiss Hotel,Байкальск,"микрорайон Красный ключ, д.66, Байкальск",51.51682,104.12468,https://ostrovok.ru/hotel/russia/irkutsk/mid9991110/hotel_baikal_best_edelweiss,10,2026-03-17,2026-09-10
green_hotel_,6518006,Грин Отель,Green Hotel,Иркутск,"улица Лыткина, д. 32, Иркутск",52.267357,104.3167,https://ostrovok.ru/hotel/russia/irkutsk/mid6518006/green_hotel_,22,2026-03-17,2026-09-10
private_house_uedinenny_dom_na_beregu_zhivopisnoy_zavodi,13380749,Байкал 51,Baikal 51,Листвянка,"Иркутский муниципальный округ, Байкальский тракт, 51-й километр, 3, Листвянка",51.972614,104.704056,https://ostrovok.ru/hotel/russia/irkutsk/mid13380749/private_house_uedinenny_dom_na_beregu_zhivopisnoy_zavodi,,2026-03-17,2026-09-10
ozerny_tulun_sports_complex_na_karbysheva_185_apartment,13430623,Спорткомплекс Озерный Тулун на Карбышева 185,Ozerny Tulun Sports Complex na Karbysheva 185,Тулун,"улица Карбышева, д.185, Тулун",54.532337,100.64291,https://ostrovok.ru/hotel/russia/irkutsk/mid13430623/ozerny_tulun_sports_complex_na_karbysheva_185_apartment,,2026-03-17,2026-09-10
bely_bereg,10844916,Отель Белый берег,Bely Bereg Hotel,Братск,"ул. Курчатова 65, Братск",56.157047,101.66097,https://ostrovok.ru/hotel/russia/irkutsk/mid10844916/bely_bereg,5,2026-03-17,2026-09-10
brusinka,6327901,Меблированные комнаты Брусника,Brusnika,Иркутск,"Улица Гоголя, д.61, Иркутск",52.272636,104.257965,https://ostrovok.ru/hotel/russia/irkutsk/mid6327901/brusinka,3,2026-03-17,2026-09-06
uda_2,8752619,Отель УДА,UDA Hotel,Нижнеудинск,"улица Ленина, д.1, Нижнеудинск",54.909504,99.03558,https://ostrovok.ru/hotel/russia/irkutsk/mid8752619/uda_2,45,2026-03-17,2026-09-10
lenatour,8752255,Отель  Ленатур,Lenatur Hotel,Жигалово,"улица Советская, д.26, Жигалово",54.812542,105.151405,https://ostrovok.ru/hotel/russia/irkutsk/mid8752255/lenatour,8,2026-03-17,2026-09-10
gostevoj_dom_otdyih_na_bajkale,10014826,Отель Отдых на Байкале,Otdyih Na Bajkale Hotel,Хужир,"улица Горького, 3А, Хужир",53.191357,107.33796,https://ostrovok.ru/hotel/russia/irkutsk/mid10014826/gostevoj_dom_otdyih_na_bajkale,11,2026-03-17,2026-09-10
dream_of_baikal_hotel,6374723,Отель Dream of Baikal,Dream Of Baikal Hotel,Листвянка,"улица Горького, д.105, Листвянка",51.84519,104.87671,https://ostrovok.ru/hotel/russia/irkutsk/mid6374723/dream_of_baikal_hotel,19,2026-03-17,2026-09-10
lyuks_hotel_4,10613305,Отель Люкс,Lyuks Hotel,Нижнеудинск,"улица Просвещения, д. 17, Нижнеудинск",54.919167,99.04945,https://ostrovok.ru/hotel/russia/irkutsk/mid10613305/lyuks_hotel_4,15,2026-03-17,2026-09-10
hotel_yubileinaya__2,6433819,Гостиница Юбилейная,Gostinitsa Yubilejnaya,Иркутск,"микрорайон Юбилейный, д. 118, Иркутск",52.222046,104.2961,https://ostrovok.ru/hotel/russia/irkutsk/mid6433819/hotel_yubileinaya__2,23,2026-03-17,2026-09-10
gostinitsa_akademicheskaya,8438905,Отель Гостиница Академическая,Gostinitsa Akademicheskaya Hotel,Иркутск,"улица Лермонтова, д. 271А, Иркутск",52.248627,104.27087,https://ostrovok.ru/hotel/russia/irkutsk/mid8438905/gostinitsa_akademicheskaya,48,2026-03-17,2026-09-10
recreation_complex_altan,7613629,Парк-Отель Алтан,Altan Park Hotel,Сарма,"тер. база отдыха Алтан, стр. 1, Сарма",53.08592,106.799416,https://ostrovok.ru/hotel/russia/irkutsk/mid7613629/recreation_complex_altan,25,2026-03-17,2026-09-10
gostinitsa_solntse,7818100,Гостиница Солнце,Sun Hotel,Иркутск,"улица Байкальская, д.295 Б, Иркутск",52.257305,104.359,https://ostrovok.ru/hotel/russia/irkutsk/mid7818100/gostinitsa_solntse,58,2026-03-17,2026-09-09
tri_kita_2,9824733,Отель Три Кита,Tri Kita Hotel,Братск,"Депутатская улица, д. 3а, Братск",56.149746,101.628746,https://ostrovok.ru/hotel/russia/irkutsk/mid9824733/tri_kita_2,11,2026-03-17,2026-09-10
vostochnaia,8682955,Гостиница Восточная,Gostinica Vostochnaya,Братск,"улица Железнодорожная, 1, Братск",56.2749,101.89161,https://ostrovok.ru/hotel/russia/irkutsk/mid8682955/vostochnaia,26,2026-03-17,2026-09-10
hotel_nataly_2,7776564,Отель Натали,Nataly Hotel,Листвянка,"улица Чапаева, д.91, Листвянка",51.862007,104.87847,https://ostrovok.ru/hotel/russia/irkutsk/mid7776564/hotel_nataly_2,12,2026-03-17,2026-09-03
u_lukomorya_4,10009441,У Лукоморья,U Lukomorya Living Quarters,Хужир,"посёлок Хужир,Песчаная улица, д.5, Хужир",53.18991,107.33197,https://ostrovok.ru/hotel/russia/irkutsk/mid10009441/u_lukomorya_4,,2026-03-17,2026-09-10
bajkal_severnoe_more_hotel,8526970,Отель Байкал - Северное Море,Bajkal - Severnoe More Hotel,Иркутск,"Улица Дальневосточная, д.156, Иркутск",52.25208,104.32113,https://ostrovok.ru/hotel/russia/irkutsk/mid8526970/bajkal_severnoe_more_hotel,119,2026-03-17,2026-09-10
aura_living_quarters,13743326,Меблированные комнаты Аура,Aura Living quarters,Хужир,"Иркутская улица, д.23, Хужир",53.178825,107.312294,https://ostrovok.ru/hotel/russia/irkutsk/mid13743326/aura_living_quarters,,2026-03-17,2026-09-10
olkhon_house_guest_family_house,11278129,Olkhon Family House,Olkhon House Family,Хужир,"улица Рабочая, д.2, Хужир",53.192245,107.33733,https://ostrovok.ru/hotel/russia/irkutsk/mid11278129/olkhon_house_guest_family_house,,2026-03-17,2026-09-10
hotel_anastasiya_2,13164685,Отель ГК Анастасия,Anastasiya GK Hotel,Никола,"улица Ангарская, 8/2, Никола",51.891804,104.825165,https://ostrovok.ru/hotel/russia/irkutsk/mid13164685/hotel_anastasiya_2,26,2026-03-17,2026-09-10
meridian_7,6297237,Отель Меридиан,Meridian hotel,Ангарск,"26 квартал, дом 10, Ангарск",52.55192,103.87882,https://ostrovok.ru/hotel/russia/irkutsk/mid6297237/meridian_7,33,2026-03-17,2026-09-10
hotel_olimpiada,10440808,Олимпиада,Olimpiada,Ангарск,"ул. Чайковского, д. 48, Ангарск",52.530827,103.87794,https://ostrovok.ru/hotel/russia/irkutsk/mid10440808/hotel_olimpiada,29,2026-03-17,2026-09-10
dauria_hotel_2,7685971,Отель Даурия,Dauria Hotel,Листвянка,"улица Куликова, д.44, Листвянка",51.859695,104.86325,https://ostrovok.ru/hotel/russia/irkutsk/mid7685971/dauria_hotel_2,4,2026-03-17,2026-09-10
zvezda_kochevnika,6761987,Отель Звезда Кочевника,Zvezda Kochevnika Hotel,Хужир,"Пляжная улица, д.20, Хужир",53.198273,107.35982,https://ostrovok.ru/hotel/russia/irkutsk/mid6761987/zvezda_kochevnika,,2026-03-17,2026-07-08
hotel_angara,6715745,Отель Ангара-Приоритет,Angara-Prioritet Hotel,Ангарск,"Квартал Б, д.13, Ангарск",52.50619,103.83226,https://ostrovok.ru/hotel/russia/irkutsk/mid6715745/hotel_angara,31,2026-03-17,2026-09-10
smart_hotel_kdo_irkutsk_hotel,10153381,Отель Smart Hotel Иркутск,Smart Hotel Irkutsk Hotel,Иркутск,"улица Челнокова, д.1, Иркутск",52.284367,104.25831,https://ostrovok.ru/hotel/russia/irkutsk/mid10153381/smart_hotel_kdo_irkutsk_hotel,7,2026-03-17,2026-09-10
gostevoy_dom_forest_home,13345410,Forest Home,Forest Home,Хужир,"улица Мира, 14, Хужир",53.18926,107.33499,https://ostrovok.ru/hotel/russia/irkutsk/mid13345410/gostevoy_dom_forest_home,,2026-03-17,2026-03-25
flagman_hotel,7725500,Отель Флагман,Flagman Hotel,Никола,"поселок Никола, улица Нагорная, д.41, Никола",51.89642,104.82946,https://ostrovok.ru/hotel/russia/irkutsk/mid7725500/flagman_hotel,10,2026-03-17,2026-09-10
hotel_pushkin_2,6932873,Отель ПушкинЪ,Pushkin`Hotel,Ангарск,"улица Мира, д. 18, Ангарск",52.5455,103.89485,https://ostrovok.ru/hotel/russia/irkutsk/mid6932873/hotel_pushkin_2,23,2026-03-17,2026-09-10
momant_house_recreation_camp,13350897,Momant house,Momant house,Большое Голоустное,"улица Харануты, д. 19В, Большое Голоустное",52.044266,105.41265,https://ostrovok.ru/hotel/russia/irkutsk/mid13350897/momant_house_recreation_camp,,2026-03-17,2026-09-10
pekin_hotel,13730320,Пекин,Pekin Hotel,Молодёжный,"п. Молодежный, улица Кузнецовой, д.11, Молодёжный",52.25048,104.40946,https://ostrovok.ru/hotel/russia/irkutsk/mid13730320/pekin_hotel,86,2026-03-17,2026-08-10
artrezidentsiya_port_olhon,10004854,Арт-отель Порт Ольхон,Port Olkhon Art Hotel,Хужир,"ул. Байкальская, 2, Хужир",53.193142,107.332,https://ostrovok.ru/hotel/russia/irkutsk/mid10004854/artrezidentsiya_port_olhon,65,2026-03-17,2026-09-10
tikhaya_gavan_4,9989818,"Отель ""Тихая Гавань""","Hotel ""tikhaya Gavan""",Слюдянка,"улица 40 лет Октября, 56, Слюдянка",51.65654,103.72979,https://ostrovok.ru/hotel/russia/irkutsk/mid9989818/tikhaya_gavan_4,12,2026-03-17,2026-09-09
the_hotel_on_volzhskaya,11311377,Гостиница на Волжской,The hotel on Volzhskaya,Иркутск,"ул. Волжская, д. 14А, Иркутск",52.26392,104.31354,https://ostrovok.ru/hotel/russia/irkutsk/mid11311377/the_hotel_on_volzhskaya,30,2026-03-17,2026-08-20
yupiter,9987415,Юпитер,Yupiter,Иркутск,"ул. Шевцова, д. 35, Иркутск",52.30965,104.30714,https://ostrovok.ru/hotel/russia/irkutsk/mid9987415/yupiter,23,2026-03-17,2026-09-10
hotel_shvedka,13259783,Отель ШВЕДКА,Hotel Shvedka,Братск,"ул. Мира, д. 25, Братск",56.15268,101.619514,https://ostrovok.ru/hotel/russia/irkutsk/mid13259783/hotel_shvedka,29,2026-03-17,2026-09-10
hotel_dacha_baikaleco,10010618,Семейный отель Дача БайкалЭко,Dacha BaikalEco Family Hotel,Хужир,"улица Лесная, д. 32, Хужир",53.191616,107.34986,https://ostrovok.ru/hotel/russia/irkutsk/mid10010618/hotel_dacha_baikaleco,10,2026-03-17,2026-09-10
gostevoy_dom_melodiya_baykala,10462241,Гостевой дом Мелодия Байкала,Gostevoy Dom Melodiya Baykala,Листвянка,"Листвянское муниципальное образование, посёлок Никола, Листвянка",51.90274,104.832985,https://ostrovok.ru/hotel/russia/irkutsk/mid10462241/gostevoy_dom_melodiya_baykala,,2026-03-17,2026-05-30
oktyabrskaya_minihotel,8751925,Октябрьская,Oktyabr'skaya,Нижнеудинск,"улица Октябрьская, д.1 Б, Нижнеудинск",54.907585,99.04532,https://ostrovok.ru/hotel/russia/irkutsk/mid8751925/oktyabrskaya_minihotel,,2026-03-17,2026-09-10
hotel_shishki,13113638,Меблированные комнаты Шишки,Shishki,Утулик,"п. Утулик, ул. Ленская, д.17, Утулик",51.54238,104.07462,https://ostrovok.ru/hotel/russia/irkutsk/mid13113638/hotel_shishki,,2026-03-17,2026-09-10
history_boutiquehotel,9741097,Отель HISTORY Бутик-отель и СПА,HISTORY Boutique Hotel & SPA Hotel,Иркутск,"улица 3 Июля, д.26, Иркутск",52.27124,104.29095,https://ostrovok.ru/hotel/russia/irkutsk/mid9741097/history_boutiquehotel,40,2026-03-17,2026-09-10
katantsa_hotel,13328659,Отель Катанца,Katantsa Hotel,Шелехов,"Центральный проспект, д.7, Шелехов",52.205254,104.07976,https://ostrovok.ru/hotel/russia/irkutsk/mid13328659/katantsa_hotel,19,2026-03-17,2026-09-10
modul,8585836,Гостиница Комфорт,Komfort Hotel,Иркутск,"улица Трилиссера, д.57 помещ.1, Иркутск",52.273643,104.30933,https://ostrovok.ru/hotel/russia/irkutsk/mid8585836/modul,12,2026-03-17,2026-09-10
gostevoy_dom_chilla_villa_baikal,10373429,Гостевой дом Chilla_villa_baikal,Gostevoy Dom Chilla_villa_baikal,Байкальск,"1-я Байкальская улица, 26, Байкальск",51.522186,104.12453,https://ostrovok.ru/hotel/russia/irkutsk/mid10373429/gostevoy_dom_chilla_villa_baikal,,2026-03-17,2026-09-10
magnetit,8825582,Отель Магнетит,Gostinitsa Magnetit,Железногорск-Илимский,"Квартал, 2, д. 72, Железногорск-Илимский",56.57731,104.12121,https://ostrovok.ru/hotel/russia/irkutsk/mid8825582/magnetit,46,2026-03-17,2026-09-10
praskovya_guest_house,9999816,Отель Прасковья,Praskovya Hotel,Саянск,"микрорайон Юбилейный, д.13, Саянск",54.109844,102.16342,https://ostrovok.ru/hotel/russia/irkutsk/mid9999816/praskovya_guest_house,12,2026-03-17,2026-09-10
bajkalskie_sezonyi,9992857,Отель Парк Байкальские сезоны,Park Baykalskie Sezony Hotel,Листвянка,"Иркутская Область, м.р-н Иркутский, г.п. Листвянское, п Ангарские Хутора, ул Прибрежная, зд. 5а, Листвянка",51.9078,104.81043,https://ostrovok.ru/hotel/russia/irkutsk/mid9992857/bajkalskie_sezonyi,22,2026-03-17,2026-09-10
gostevoi_dom_margobai,8735570,Отель Маргобай,Hotel Margobaj,Байкальск,"мкр. Строитель, пер. Берёзовый, д. 9, Байкальск",51.524414,104.13655,https://ostrovok.ru/hotel/russia/irkutsk/mid8735570/gostevoi_dom_margobai,14,2026-03-17,2026-09-10
pribaikalskaya_hotel,10457093,Гостиница Прибайкальская,Pribajkalskaya Hotel,Листвянка,"62 км. Байкальского Тракта, Листвянка",52.039165,105.01182,https://ostrovok.ru/hotel/russia/irkutsk/mid10457093/pribaikalskaya_hotel,87,2026-03-17,2026-08-28
gloria_20,8854283,Отель Глория,Gloriya Hotel,Усть-Кут,"ул Л.Толстого, д. 36, Усть-Кут",56.801003,105.7855,https://ostrovok.ru/hotel/russia/irkutsk/mid8854283/gloria_20,14,2026-03-17,2026-09-10
saturn_8,9291161,Отель Сатурн,Saturn Hotel,Иркутск,"улица Красный путь, д. 77, Иркутск",52.343086,104.21406,https://ostrovok.ru/hotel/russia/irkutsk/mid9291161/saturn_8,23,2026-03-17,2026-09-10
trakstop_38_2,10669986,Тракстоп 38,Trakstop 38,Култук,"Комсомольская 23/3, Култук",51.713367,103.688156,https://ostrovok.ru/hotel/russia/irkutsk/mid10669986/trakstop_38_2,11,2026-03-17,2026-09-10
mir_baykala_hotel,10219071,Отель Мир Байкала,Mir Baykala Hotel,Куркут,"село Сахюрта, бухта Базарная, Куркут",53.024845,106.85937,https://ostrovok.ru/hotel/russia/irkutsk/mid10219071/mir_baykala_hotel,29,2026-03-17,2026-09-10
planeta_9,8850641,Планета,Planeta,Иркутск,"ул. Розы Люксембург, д. 144, Иркутск",52.345356,104.187965,https://ostrovok.ru/hotel/russia/irkutsk/mid8850641/planeta_9,33,2026-03-17,2026-09-10
baikal_capsule_hostel,8881125,Baikal Capsule (Байкал Капсула),Baikal Capsule,Иркутск,"ул. Трилиссера, 141В, Иркутск",52.276073,104.33393,https://ostrovok.ru/hotel/russia/irkutsk/mid8881125/baikal_capsule_hostel,,2026-03-17,2026-08-18
vitim,9291159,Витим,Vitim,Иркутск,"Россия, Иркутская область, Иркутск, ул. Терешковой, д. 2а, Иркутск",52.282036,104.25886,https://ostrovok.ru/hotel/russia/irkutsk/mid9291159/vitim,,2026-03-17,2026-08-17
metelitsa_6,9211770,Отель Метелица,Metelitsa Hotel,Усть-ордынский,"Иркутская обл, Усть-Ордынский, 68-км автотрассы Иркутск-Качуг, Усть-ордынский",52.818523,104.80036,https://ostrovok.ru/hotel/russia/irkutsk/mid9211770/metelitsa_6,5,2026-03-17,2026-09-10
home_hotel_apartments_home_wanted_on_piskunov_street,11232250,Апартаменты Home Hotel (Хоум Отель) на улице Пискунова,Home Hotel Apartments on Piskunov Street,Иркутск,"ул. Пискунова, д. 142/5, Иркутск",52.27141,104.336876,https://ostrovok.ru/hotel/russia/irkutsk/mid11232250/home_hotel_apartments_home_wanted_on_piskunov_street,,2026-03-17,2026-09-10
gostevoy_dom_isiger_baikal,11254237,Гостевой дом ISIGER BAIKAL,Gostevoy Dom Isiger Baikal,Бугульдейка,"Байкальская ул. 18, Бугульдейка",52.535374,106.0579,https://ostrovok.ru/hotel/russia/irkutsk/mid11254237/gostevoy_dom_isiger_baikal,,2026-03-17,2026-08-30
gostevoy_dom_mandarkhan_obaykal,11306441,"Мандархан, о.Байкал","Mandarkhan, O.baykal",Куркут,"Иркутская область, Ольхонский район, Шара-Тоготское муниципальное  образование, д. Куркут, территория местность Мандархан, Куркут",53.03756,106.82874,https://ostrovok.ru/hotel/russia/irkutsk/mid11306441/gostevoy_dom_mandarkhan_obaykal,,2026-03-17,2026-09-10
glemping_hygge_barn,11337901,Hygge Barn,Hygge Barn,Бурдугуз,"Нижняя набережная 5, Бурдугуз",52.04798,104.602806,https://ostrovok.ru/hotel/russia/irkutsk/mid11337901/glemping_hygge_barn,,2026-03-17,2026-09-10
na_gornoy_ulitse_5_private_house,13123803,Меблированные комнаты на Горной Улице 7Б,Na Gornoy Ulitse 7B,Солзан,"улица Горная, д. 7Б, Солзан",51.496643,104.21872,https://ostrovok.ru/hotel/russia/irkutsk/mid13123803/na_gornoy_ulitse_5_private_house,,2026-03-17,2026-05-31
izumrud_hotel_7,13287135,Отель Изумруд,Izumrud Hotel,Железногорск-Илимский,"7-й квартал, д.20, Железногорск-Илимский",56.58639,104.12119,https://ostrovok.ru/hotel/russia/irkutsk/mid13287135/izumrud_hotel_7,9,2026-03-17,2026-09-10
dlya_kompanii_guest_house,13288614,Для компании,Dlya Kompanii,Большое Голоустное,"улица Кирова, д.2Б, Большое Голоустное",52.04681,105.40883,https://ostrovok.ru/hotel/russia/irkutsk/mid13288614/dlya_kompanii_guest_house,,2026-03-17,2026-09-09
komilfo_2,9768630,Отель Комильфо,Komilfo Hotel,Железногорск-Илимский,"улица Иващенко, д.20, Железногорск-Илимский",56.581577,104.13028,https://ostrovok.ru/hotel/russia/irkutsk/mid9768630/komilfo_2,12,2026-03-17,2026-09-10
loft_house_38_guest_house,13330745,Loft House 38,Loft House 38,Большая Речка,"51.947037, 104.753515, Большая Речка",51.947037,104.75352,https://ostrovok.ru/hotel/russia/irkutsk/mid13330745/loft_house_38_guest_house,,2026-03-17,2026-09-10
tajga_hotel,9767827,Отель Тайга,Tajga Hotel,Иркутск,"улица Сурикова, д.4в, Иркутск",52.288013,104.26984,https://ostrovok.ru/hotel/russia/irkutsk/mid9767827/tajga_hotel,44,2026-03-19,2026-09-10
klubnyij_kvartal_apartments,9081992,Клубный Квартал,Klubnyij Kvartal,Братск,"бульвар Победы, д.30, Братск",56.150185,101.64935,https://ostrovok.ru/hotel/russia/irkutsk/mid9081992/klubnyij_kvartal_apartments,48,2026-03-19,2026-09-10
north_star_hotel_9,10670964,Отель North Star,North Star Hotel,Иркутск,"улица Седова, 4, Иркутск",52.275555,104.28755,https://ostrovok.ru/hotel/russia/irkutsk/mid10670964/north_star_hotel_9,12,2026-03-19,2026-03-26
baikal_business_center_hotel,7827545,Отель Байкал Бизнес Центр,Baikal Business Center Hotel,Иркутск,"улица Байкальская, д.279, Иркутск",52.257786,104.35341,https://ostrovok.ru/hotel/russia/irkutsk/mid7827545/baikal_business_center_hotel,59,2026-03-19,2026-09-10
minihotel_albatros,6481029,Гостиница Альбатрос,Albatros Hotel,Иркутск,"улица Ширямова, стр.15б/1, Иркутск",52.261833,104.35391,https://ostrovok.ru/hotel/russia/irkutsk/mid6481029/minihotel_albatros,12,2026-03-19,2026-09-10
alpari,7776573,Гостиница Альпари,Alpari,Иркутск,"микрорайон Приморский, д.24 А, Иркутск",52.23193,104.30829,https://ostrovok.ru/hotel/russia/irkutsk/mid7776573/alpari,10,2026-03-19,2026-09-10
marx_hotel,8662194,Отель Маркс,Marx Hotel,Иркутск,"улица Карла Маркса, д.15 А, Иркутск",52.282627,104.28479,https://ostrovok.ru/hotel/russia/irkutsk/mid8662194/marx_hotel,26,2026-03-19,2026-09-10
taiga_2,6923154,Отель Тайга,Taiga Hotel,Братск,"улица Мира, дом 35, Братск",56.15637,101.621925,https://ostrovok.ru/hotel/russia/irkutsk/mid6923154/taiga_2,101,2026-03-19,2026-09-10
shelest,8664834,Shelest,Shelest,Черемхово,"улица Марата, д. 109, Черемхово",53.136738,103.07335,https://ostrovok.ru/hotel/russia/irkutsk/mid8664834/shelest,,2026-03-19,2026-09-03
hotel_flagman_olkhona,10019347,Отель Флагман Ольхона,Flagman Olkhona Hotel,Хужир,"улица Молодёжная, д.1, Хужир",53.19252,107.35624,https://ostrovok.ru/hotel/russia/irkutsk/mid10019347/hotel_flagman_olkhona,15,2026-03-19,2026-09-10
riderside,8754956,Гостиница Riverside,Riverside Hotel,Иркутск,"улица Байкальская, д.234 В/7, Иркутск",52.25251,104.32453,https://ostrovok.ru/hotel/russia/irkutsk/mid8754956/riderside,8,2026-03-19,2026-09-10
sportkompleks_ozerny_tulun_hotel,13285605,Спорткомплекс Озерный Тулун,Ozerny Tulun Sports Complex,Тулун,"улица Карбышева, д.185, Тулун",54.532337,100.64291,https://ostrovok.ru/hotel/russia/irkutsk/mid13285605/sportkompleks_ozerny_tulun_hotel,,2026-03-19,2026-08-18
guest_house_vremena_goda,6511529,Времена Года,Vremena Goda,Братск,"Улица Подбельского 12, Братск",56.15242,101.614845,https://ostrovok.ru/hotel/russia/irkutsk/mid6511529/guest_house_vremena_goda,24,2026-03-19,2026-09-10
luna_hotel_9,9752435,Отель Луна,Luna Hotel,Братск,"Комсомольская улица, д. 65А, Братск",56.163895,101.61804,https://ostrovok.ru/hotel/russia/irkutsk/mid9752435/luna_hotel_9,22,2026-03-19,2026-09-10
flagman_hotel_4,9081483,Отель Флагман,Flagman Hotel,Усть-Кут,"Россия, Иркутская область, Усть-Кут, ул. Калинина, д. 8, Усть-Кут",56.779224,105.74704,https://ostrovok.ru/hotel/russia/irkutsk/mid9081483/flagman_hotel_4,13,2026-03-19,2026-09-10
v_russkom_stile_guest_house,13288615,Меблированные комнаты в Русском Стиле,V Russkom Stile Living quarters,Большое Голоустное,"улица Кирова, д.2Б, Большое Голоустное",52.04681,105.40883,https://ostrovok.ru/hotel/russia/irkutsk/mid13288615/v_russkom_stile_guest_house,,2026-03-19,2026-09-08
barnkhaus_guest_house_4,13320876,Барнхаус,Barnkhaus,Солзан,"улица Восточная, д.4Б, Солзан",51.498707,104.21468,https://ostrovok.ru/hotel/russia/irkutsk/mid13320876/barnkhaus_guest_house_4,,2026-03-19,2026-07-18
hotel_harats_inn,13752679,Отель Harat's inn,Hotel Harat's inn,Иркутск,"ул Дальневосточная, д. 158/6, Иркутск",52.253967,104.32385,https://ostrovok.ru/hotel/russia/irkutsk/mid13752679/hotel_harats_inn,12,2026-03-19,2026-09-10
larus,9828888,Отель Ларус,Larus Hotel,Листвянка,"улица Октябрьская, дом 8, Листвянка",51.87526,104.83128,https://ostrovok.ru/hotel/russia/irkutsk/mid9828888/larus,14,2026-03-19,2026-09-10
vozdushnaya_gavan,8059310,Отель Воздушная Гавань,Vozdushnaya Gavan Hotel,Иркутск,"улица Ширямова, д.6, Иркутск",52.274734,104.35391,https://ostrovok.ru/hotel/russia/irkutsk/mid8059310/vozdushnaya_gavan,140,2026-03-21,2026-09-08
nebo_baykala_guest_house,10006764,Небо Байкала,Nebo Baykala,Листвянка,"улица Горького, д.133/2, Листвянка",51.842533,104.88071,https://ostrovok.ru/hotel/russia/irkutsk/mid10006764/nebo_baykala_guest_house,,2026-03-21,2026-04-12
solnechny_guest_house_7,13112614,Cолнечный,Solnechny,Иркутск,"село Пивовариха, поселок Солнечный, улица Лунная, д.19, Иркутск",52.25676,104.365944,https://ostrovok.ru/hotel/russia/irkutsk/mid13112614/solnechny_guest_house_7,,2026-03-21,2026-09-10
domik_na_kholme_guest_house,13329776,Меблированные комнаты Домик на холме,Domik Na Kholme,Листвянка,"улица Суворова, д.19, Листвянка",51.86662,104.84517,https://ostrovok.ru/hotel/russia/irkutsk/mid13329776/domik_na_kholme_guest_house,,2026-03-21,2026-09-10
hotelclub_ice,9679208,Отель Сибирская резиденция Лёд Байкала,Siberian Residence Ice of Baikal Hotel,Мангутай,"п. Мангутай, ул. Байкальская, д. 1В, Мангутай",51.60238,103.921265,https://ostrovok.ru/hotel/russia/irkutsk/mid9679208/hotelclub_ice,,2026-03-21,2026-09-10
hotel_gostinitsa_avtovokzal,13754102,Отель Автовокзал,Hotel Avtovokzal,Иркутск,"улица Октябрьской Революции, 11, Иркутск",52.28977,104.304794,https://ostrovok.ru/hotel/russia/irkutsk/mid13754102/hotel_gostinitsa_avtovokzal,22,2026-03-21,2026-09-10
u_istoka_hotel,7675302,Гостиница У Истока,U Istoka hotel,Иркутск,"Ржанова ул., д. 43, Иркутск",52.252934,104.36322,https://ostrovok.ru/hotel/russia/irkutsk/mid7675302/u_istoka_hotel,24,2026-03-23,2026-09-09
divobaykala_flat_1,13373670,Диво Байкала 1,DivoBaykala 1,Иркутск,"улица 4-я Железнодорожная, д.57, Иркутск",52.279198,104.2479,https://ostrovok.ru/hotel/russia/irkutsk/mid13373670/divobaykala_flat_1,,2026-03-24,2026-09-09
wind_lake_guest_house,13437748,Wind Lake,Wind Lake,Большое Голоустное,"2-я Рейдовая улица, д.12, Большое Голоустное",52.027744,105.404976,https://ostrovok.ru/hotel/russia/irkutsk/mid13437748/wind_lake_guest_house,15,2026-03-24,2026-09-10
azatai_park_hotel,13757053,"Парк-отель ""Азатай""",Azatai Park Hotel,Большое Голоустное,"тер. Подкамень, д. 1, Большое Голоустное",52.061794,105.47054,https://ostrovok.ru/hotel/russia/irkutsk/mid13757053/azatai_park_hotel,,2026-03-25,2026-09-10
siberia_9,13369836,Сибирь,Sibir,Кузнецовка,"Россия, Иркутская область, Жигалово, ул. Калинка, д. 1, Кузнецовка",54.7979,105.22698,https://ostrovok.ru/hotel/russia/irkutsk/mid13369836/siberia_9,,2026-03-28,2026-08-17
khoromy_recreation_camp,13284761,Хоромы,Khoromy Living Quarters,Хужир,"Северная улица, д. 5/1, Хужир",53.196445,107.35554,https://ostrovok.ru/hotel/russia/irkutsk/mid13284761/khoromy_recreation_camp,,2026-03-30,2026-09-10
apartments_viking_khaus,13097492,Викинг Хаус,Viking Hause Living Quarters,Хужир,"Северная улица, 5а/1, Хужир",53.196445,107.35554,https://ostrovok.ru/hotel/russia/irkutsk/mid13097492/apartments_viking_khaus,,2026-03-30,2026-09-10
hotel_star_of_baiakal,9999279,Гостиница Star of Baikal,Star of Baikal Hotel,Хужир,"пер. Горный 2, Хужир",53.195583,107.335785,https://ostrovok.ru/hotel/russia/irkutsk/mid9999279/hotel_star_of_baiakal,12,2026-03-31,2026-05-08
baza_otdykha_village_hvoy,11339142,Вилладж Хвоя,Village Hvoya Living Quartets,Новоснежная,"улица Ленина, дом 75, Новоснежная",51.4684,104.623375,https://ostrovok.ru/hotel/russia/irkutsk/mid11339142/baza_otdykha_village_hvoy,,2026-04-02,2026-09-10
baykkalina_guest_house,10011069,БайкКалина,BaykKalina Living Quarters,Утулик,"улица Озёрная, д.8, Утулик",51.551033,104.059654,https://ostrovok.ru/hotel/russia/irkutsk/mid10011069/baykkalina_guest_house,,2026-04-02,2026-09-10
maksi_hotel,13793223,Отель Макси,Maksi Hotel,Усть-ордынский,"улица Аптечная, д. 1Б, Усть-ордынский",52.793945,104.727554,https://ostrovok.ru/hotel/russia/irkutsk/mid13793223/maksi_hotel,2,2026-04-02,2026-09-10
spektr_2,8854293,Спектр,Spektr,Иркутск,"Россия, Иркутская область, Иркутск, ул. Рабочего Штаба, д. 97/1, Иркутск",52.32121,104.30218,https://ostrovok.ru/hotel/russia/irkutsk/mid8854293/spektr_2,14,2026-04-03,2026-08-17
magas,6839053,Отель на Перроне,Na Perrone Hotel,Иркутск,"ул Терешковой, стр. 6, помещ. 1, Иркутск",52.281338,104.25831,https://ostrovok.ru/hotel/russia/irkutsk/mid6839053/magas,25,2026-04-05,2026-09-10
chastny_dom_na_peskakh_guest_house,13430917,Частный Дом На Песках,Chastny Dom Na Peskakh,Хужир,"улица 60 лет Победы, д.3, Хужир",53.190277,107.33292,https://ostrovok.ru/hotel/russia/irkutsk/mid13430917/chastny_dom_na_peskakh_guest_house,,2026-04-06,2026-09-10
rezidentsii_rodina_irkutsk,13678434,Резиденции Rodina Irkutsk,Rodina Irkutsk Residencies,Иркутск,"улица Цесовская Набережная, 8, Иркутск",52.28924,104.26912,https://ostrovok.ru/hotel/russia/irkutsk/mid13678434/rezidentsii_rodina_irkutsk,,2026-04-10,2026-09-10
svetly_aparthotel,10360693,Отель Светлый,Svetly Hotel,Иркутск,"Иркутская Область, с Пивовариха, мкр. Светлый, ул Первая, зд. 2а, Иркутск",52.260536,104.361946,https://ostrovok.ru/hotel/russia/irkutsk/mid10360693/svetly_aparthotel,6,2026-04-12,2026-09-10
the_sky_of_lake_baikal,13459275,Небо Байкала,Nebo Baykala,Листвянка,"улица Горького, д.133/2, Листвянка",51.842533,104.88071,https://ostrovok.ru/hotel/russia/irkutsk/mid13459275/the_sky_of_lake_baikal,,2026-04-13,2026-09-10
geser_recreation_center,9986958,База отдыха ГЭСЭР,GESER Recreation center,Куркут,"Ольховский район, Сахюрта, Куркут",53.025204,106.86003,https://ostrovok.ru/hotel/russia/irkutsk/mid9986958/geser_recreation_center,15,2026-04-23,2026-06-15
legendy_baykala,13868556,Гостиница Легенды Байкала,Legendy Baykala,Слюдянка,"ул Фрунзе, зд. 8, помещ. 2, Слюдянка",51.6726,103.68329,https://ostrovok.ru/hotel/russia/irkutsk/mid13868556/legendy_baykala,18,2026-04-27,2026-09-10
camping_yelochka_kempinghotel,13868693,Отель Елочка,Yelochka Hotel,Ушаковское,"Иркутский р-он, 21 км, Ушаковское",52.176395,104.49215,https://ostrovok.ru/hotel/russia/irkutsk/mid13868693/camping_yelochka_kempinghotel,118,2026-04-27,2026-09-10
baza_otdykha_gostiny_dvor_vdokhnovenie,10438999,Отель Гостиный Двор Вдохновение,Gostiny Dvor Vdokhnovenie Hotel,Хужир,"ул. Северная, д. 5/2, Хужир",53.196358,107.35481,https://ostrovok.ru/hotel/russia/irkutsk/mid10438999/baza_otdykha_gostiny_dvor_vdokhnovenie,34,2026-04-28,2026-09-10
olkhon_inn,10005431,Olkhon Inn,Olkhon Inn,Хужир,"Ул Первомайская 1, Хужир",53.193768,107.337875,https://ostrovok.ru/hotel/russia/irkutsk/mid10005431/olkhon_inn,,2026-04-30,2026-09-10
recreation_centre_baikal_rainbow,6341048,База отдыха Байкальская Радуга,Bajkalskaya Raduga Hotel,Куркут,"местность Камыши 2, д. 1, Куркут",53.030186,106.851425,https://ostrovok.ru/hotel/russia/irkutsk/mid6341048/recreation_centre_baikal_rainbow,31,2026-04-30,2026-09-10
tsentr_otdykha_dashi,8138887,Центр отдыха Да-ши,Tsentr Otdyiha Da-Shi,Сарма,"тер. база отдыха Да-Ши, стр. 1, Сарма",53.080173,106.80518,https://ostrovok.ru/hotel/russia/irkutsk/mid8138887/tsentr_otdykha_dashi,20,2026-04-30,2026-09-10
baza_otdykha_olkhon,11256148,База отдыха Ольхон,Baza Otdykha Olkhon,Хужир,"Иркутская область, Ольхонский район, п. Хужир, ул. Байкальская 64/2, Хужир",53.19386,107.354095,https://ostrovok.ru/hotel/russia/irkutsk/mid11256148/baza_otdykha_olkhon,50,2026-04-30,2026-08-30
olkhon_village_guest_house,13166321,Меблированные комнаты Olkhon Village,Olkhon Village Living quarters,Харанцы,"Летняя улица, д. 13, Харанцы",53.222958,107.42975,https://ostrovok.ru/hotel/russia/irkutsk/mid13166321/olkhon_village_guest_house,,2026-04-30,2026-07-04
olkhon_2,13368018,Ольхон,Olkhon,Хужир,"ул. Байкальская 64/2, Хужир",53.193913,107.35411,https://ostrovok.ru/hotel/russia/irkutsk/mid13368018/olkhon_2,50,2026-04-30,2026-08-17
profsoyuznaya_hotel_4,13870224,Профсоюзная,Profsoyuznaya,Иркутск,"улица Байкальская, д.263, Иркутск",52.256462,104.35531,https://ostrovok.ru/hotel/russia/irkutsk/mid13870224/profsoyuznaya_hotel_4,,2026-04-30,2026-09-10
gostevoy_dom_holiday_park_on_olkhon,10014649,Holiday park on Olkhon,Holiday Park On Olkhon,Хужир,"улица Лесная 11/ 2, Хужир",53.190025,107.34185,https://ostrovok.ru/hotel/russia/irkutsk/mid10014649/gostevoy_dom_holiday_park_on_olkhon,,2026-05-02,2026-09-10
hotel_u_ruchyya,10624282,Отель У ручья,Hotel U Ruchyya,Култук,"Горная улица, 46А, Култук",51.730797,103.72729,https://ostrovok.ru/hotel/russia/irkutsk/mid10624282/hotel_u_ruchyya,9,2026-05-03,2026-09-10
hotel_complex_baikalov_ostrog,8027714,Гостиница Байкалов Острог,Baykalov Ostrog Hotel,Хужир,"Прибрежная ул., д. 3, Хужир",53.18307,107.312225,https://ostrovok.ru/hotel/russia/irkutsk/mid8027714/hotel_complex_baikalov_ostrog,,2026-05-08,2026-09-10
guesthouse_dudeevukh,10367494,Меблированные комнаты Дудеевых,Dudeevukh,Хужир,"улица Народная, д.  4, Хужир",53.19667,107.35664,https://ostrovok.ru/hotel/russia/irkutsk/mid10367494/guesthouse_dudeevukh,,2026-05-08,2026-09-10
arena_on_sverdlov,10153554,"Меблированные комнаты общежитие ""Арена на Свердлова""","Living quarters Obschezhitie ""arena on sverdlova""",Иркутск,"ул. Свердлова, 39, Иркутск",52.287437,104.28795,https://ostrovok.ru/hotel/russia/irkutsk/mid10153554/arena_on_sverdlov,,2026-05-17,2026-09-10
rumyantseva_6_apartments,10172724,Апартаменты Baikal Story Румянцева 6,Апартаменты Baikal Story Румянцева 6,Иркутск,"Irkutsk, Rumyantsev St., Building 6, Иркутск",52.284496,104.25469,https://ostrovok.ru/hotel/russia/irkutsk/mid10172724/rumyantseva_6_apartments,,2026-05-24,2026-07-19
inn_oasis_2,8426230,База отдыха Оазис,Oazis Hotel,Хужир,"улица Мира, д.4А, Хужир",53.190678,107.33462,https://ostrovok.ru/hotel/russia/irkutsk/mid8426230/inn_oasis_2,13,2026-05-28,2026-09-10
v_derevne_guest_house,11341246,Уютный дом,Cozy home,Петрова,"Ольхонский район,  улица Центральная, д.19, Петрова",52.75678,106.31439,https://ostrovok.ru/hotel/russia/irkutsk/mid11341246/v_derevne_guest_house,,2026-05-30,2026-09-10
rodnye_berega_holiday_park_,6513363,База Отдыха Родные Берега,Rodnyie Berega Hotel,Сарма,"местность Хужир-Нугэ ул. Изумрудная, уч. 1, Сарма",53.0871,106.79626,https://ostrovok.ru/hotel/russia/irkutsk/mid6513363/rodnye_berega_holiday_park_,26,2026-05-30,2026-09-10
baikalbabr,10008713,Baikal-babr,Baikal-Babr,Халгай,"Россия Ольхонский район Иркутская область, Халгай",53.259052,107.52697,https://ostrovok.ru/hotel/russia/irkutsk/mid10008713/baikalbabr,,2026-05-31,2026-08-16
v_gostyakh_u_dubrovskikh_guest_house,13286418,В гостях у ДУБРОВСКИХ,V Gostyakh U Dubrovskikh,Хужир,"посёлок Хужир, улица Совхозная, д. 5, Хужир",53.192383,107.353294,https://ostrovok.ru/hotel/russia/irkutsk/mid13286418/v_gostyakh_u_dubrovskikh_guest_house,,2026-05-31,2026-09-10
apartments_be_home_laguna_on_stroitelny_lane,13646042,Апартаменты Bе Ноme Лагуна на Строительном переулке,Апартаменты Bе Ноme Лагуна на Строительном переулке,Иркутск,"Irkutsk st. Stroitelny Lane, 8, Иркутск",52.271294,104.2975,https://ostrovok.ru/hotel/russia/irkutsk/mid13646042/apartments_be_home_laguna_on_stroitelny_lane,,2026-05-31,2026-07-18
hotel_baikal_krai,13918062,Усадьба Байкальский край,Hotel Baikal krai,Листвянка,"рп. Листвянка, ул. Чапаева, д. 81Г, Листвянка",51.861156,104.87627,https://ostrovok.ru/hotel/russia/irkutsk/mid13918062/hotel_baikal_krai,,2026-06-03,2026-09-09
kharbor,11247966,Отель Харбор,Kharbor Hotel,Иркутск,"улица Байкальская, д.346/3, Иркутск",52.252197,104.37126,https://ostrovok.ru/hotel/russia/irkutsk/mid11247966/kharbor,7,2026-06-04,2026-07-27
guest_house_siberia_2,13386485,Меблированные комнаты Siberia,Siberia Living Quarters,Куркут,"ДНТ Светлый, 37, Куркут",53.023846,106.84775,https://ostrovok.ru/hotel/russia/irkutsk/mid13386485/guest_house_siberia_2,,2026-06-05,2026-07-26
tochka_baykala_hotel,11328622,Отель Точка Байкала,Tochka Baykala Hotel,Хужир,"Байкальская улица, стр. 64/4, Хужир",53.194244,107.35403,https://ostrovok.ru/hotel/russia/irkutsk/mid11328622/tochka_baykala_hotel,38,2026-06-08,2026-09-10
bolshoe_puteshestvie_hotel,9252749,Кемпинг Отель Ольхон,Kemping Olhon Hotel,Хужир,"Байкальская, д. 64/1, Хужир",53.194378,107.354454,https://ostrovok.ru/hotel/russia/irkutsk/mid9252749/bolshoe_puteshestvie_hotel,10,2026-06-09,2026-09-10
glempingotel_yolki_recreation_camp,13723450,Аян,Ayan,Листвянка,"улица Куликова, д.136А, Листвянка",51.871273,104.86936,https://ostrovok.ru/hotel/russia/irkutsk/mid13723450/glempingotel_yolki_recreation_camp,,2026-06-11,2026-09-10
guest_house_baykal,13644417,В объятиях Байкала,V Objyatiyakh Baikala Living quarters,Хужир,"Переулок Олимпийский д. 4, Хужир",53.188156,107.33027,https://ostrovok.ru/hotel/russia/irkutsk/mid13644417/guest_house_baykal,,2026-06-13,2026-09-10
na_ulitse_pavlova_28_apartments,13434486,На улице Павлова 28,Na Ulitse Pavlova 28,Тулун,"улица Павлова, 28, Тулун",54.570515,100.59439,https://ostrovok.ru/hotel/russia/irkutsk/mid13434486/na_ulitse_pavlova_28_apartments,,2026-06-19,2026-06-23
hotel_sayany,10074751,Саяны,Sayany,Иркутск,"ул. Багратиона, 52/2, Иркутск",52.218975,104.30895,https://ostrovok.ru/hotel/russia/irkutsk/mid10074751/hotel_sayany,,2026-06-19,2026-06-27
tengis_park_hotel,11311730,Отель Тэнгис,Tengis Hotel,Мурино,"посёлок Мурино, улица Лесная 4, Мурино",51.473064,104.408356,https://ostrovok.ru/hotel/russia/irkutsk/mid11311730/tengis_park_hotel,11,2026-06-22,2026-09-10
gostevoj_dom_endemik,10012407,Меблированные комнаты посуточная аренда,Posutochnaya Arenda Living Quarters,Куркут,"залив Мухор, бухта Мандархан, д.20, Куркут",53.038403,106.82594,https://ostrovok.ru/hotel/russia/irkutsk/mid10012407/gostevoj_dom_endemik,,2026-06-23,2026-08-21
aleksandrovskij_dvor,10010389,Александровский двор,Aleksandrovskiy Dvor,Иркутск,"д. Ангара, Тихий плес, улица Центральная, д.11, Иркутск",52.402676,104.19299,https://ostrovok.ru/hotel/russia/irkutsk/mid10010389/aleksandrovskij_dvor,,2026-06-25,2026-09-10
lakeplacebaykal_living_quarters,13935081,Меблированные комнаты ЛэйкПлэйсБайкал,LakePlaceBaykal Living quarters,Хужир,"улица Ворошилова, д.19А, Хужир",53.197727,107.35252,https://ostrovok.ru/hotel/russia/irkutsk/mid13935081/lakeplacebaykal_living_quarters,,2026-06-25,2026-09-09
lakeplace_baikal_guest_house,10151941,Мебелированные комнаты Место у Озера Байкал (LakePlace Baikal),Mesto y Ozera Baikal (Lake Place Baikal) Living Quarters,Хужир,"Иркутская область, о. Ольхон, улица Ворошилова, 19б, Хужир",53.197727,107.35252,https://ostrovok.ru/hotel/russia/irkutsk/mid10151941/lakeplace_baikal_guest_house,,2026-06-28,2026-07-26
miniotel_gostinitsa_nerpenok,10125589,Нерпенок,Nerpenok,Хужир,"улица Матросова, 10, Хужир",53.195484,107.34387,https://ostrovok.ru/hotel/russia/irkutsk/mid10125589/miniotel_gostinitsa_nerpenok,,2026-07-01,2026-08-20
guest_house_na_obrucheva,13289960,Меблированные комнаты на Обручева,Na Obrucheva Living quarters,Хужир,"улица Обручева, 6/3, Хужир",53.191135,107.34269,https://ostrovok.ru/hotel/russia/irkutsk/mid13289960/guest_house_na_obrucheva,,2026-07-01,2026-08-15
baza_otdykha_akvamarin,10016038,Аквамарин,Akvamarin Living quartes,Листвянка,"улица Чапаева. д.104А, Листвянка",51.86251,104.87878,https://ostrovok.ru/hotel/russia/irkutsk/mid10016038/baza_otdykha_akvamarin,35,2026-07-01,2026-09-10
v_bukhte_barunkhagun_living_quarters,13947538,Меблированные комнаты в бухте Барун-Хагун,V Bukhte Barun-Khagun Living quarters,Шида,"деревня Куркут, территория Баруун Хагун, Шида",53.029026,106.80205,https://ostrovok.ru/hotel/russia/irkutsk/mid13947538/v_bukhte_barunkhagun_living_quarters,,2026-07-01,2026-07-08
hotel_irbis,9290866,Отель Ирбис,Irbis Hotel,Хужир,"улица Солнечная, д.17Б/4, Хужир",53.19513,107.351425,https://ostrovok.ru/hotel/russia/irkutsk/mid9290866/hotel_irbis,22,2026-07-04,2026-08-15
gostevoj_dom_bajkalska_tajga,10012411,Байкальска тайга,Bajkalska Tajga,Листвянка,"улица Чапаева, д. 81Б, Листвянка",51.86092,104.877,https://ostrovok.ru/hotel/russia/irkutsk/mid10012411/gostevoj_dom_bajkalska_tajga,,2026-07-05,2026-08-25
na_beregu_baykala_guest_house,13299718,На берегу Байкала,Na Beregu Baykala,Листвянка,"улица Горького, д.35, Листвянка",51.852272,104.86604,https://ostrovok.ru/hotel/russia/irkutsk/mid13299718/na_beregu_baykala_guest_house,,2026-07-05,2026-09-10
aura_baykala_guest_house,13647397,Аура Байкала,Aura Baykala,Хужир,"улица Народная, д. 27А, Хужир",53.19819,107.36221,https://ostrovok.ru/hotel/russia/irkutsk/mid13647397/aura_baykala_guest_house,,2026-07-09,2026-08-26
hotel_olkhonhill,10219118,Отель Olkhon-hill,Hotel Olkhon-Hill,Хужир,"улица Ворошилова 28, Хужир",53.19986,107.35024,https://ostrovok.ru/hotel/russia/irkutsk/mid10219118/hotel_olkhonhill,17,2026-07-14,2026-09-10
baikal_family_house,13715834,Baikal Family House (Байкал Фэмили Хаус),Baikal Family House,Хужир,"улица Энергетиков, 32, Хужир, Хужир",53.18319,107.32147,https://ostrovok.ru/hotel/russia/irkutsk/mid13715834/baikal_family_house,,2026-07-18,2026-07-21
gostevoy_dom_teremok_3,13346164,Меблированные комнаты Теремок,Teremok Living quarters,Хужир,"Первомайская улица, 10, Хужир",53.196114,107.33821,https://ostrovok.ru/hotel/russia/irkutsk/mid13346164/gostevoy_dom_teremok_3,,2026-07-19,2026-07-19
island_of_7_poplars,13308865,Остров 7 тополей,Island of 7 poplars,Большое Голоустное,"Харануты-2, д. 17Б, Большое Голоустное, Большое Голоустное",52.047504,105.41272,https://ostrovok.ru/hotel/russia/irkutsk/mid13308865/island_of_7_poplars,,2026-07-19,2026-07-22
kakdoma_on_piskunov_street_1483,10850867,КакДома на улице Пискунова 148/3,KakDoma on Piskunov Street 148/3,Иркутск,"ул. Пискунова, 148/3, Иркутск, Иркутск",52.268982,104.337944,https://ostrovok.ru/hotel/russia/irkutsk/mid10850867/kakdoma_on_piskunov_street_1483,,2026-07-19,2026-07-20
premium_premium_on_dybovsky_street,11236006,Premium (Премиум) на улице Дыбовского,Premium (Premium) on Dybovsky Street,Иркутск,"ул. Дыбовского 8/2, Иркутск, Иркутск",52.259087,104.35314,https://ostrovok.ru/hotel/russia/irkutsk/mid11236006/premium_premium_on_dybovsky_street,,2026-07-19,2026-07-21
hostel_katrin_2,11309585,Катрин,Katrin,Иркутск,"ул. Седова, д. 64, Иркутск",52.269577,104.299164,https://ostrovok.ru/hotel/russia/irkutsk/mid11309585/hostel_katrin_2,,2026-07-19,2026-09-10
rentier_on_sovetskaya_street,10850878,Рантье на улице Советская,Rentier on Sovetskaya Street,Иркутск,"ул. Советская, 121/4, Иркутск, Иркутск",52.28141,104.34865,https://ostrovok.ru/hotel/russia/irkutsk/mid10850878/rentier_on_sovetskaya_street,,2026-07-19,2026-07-22
kakdoma_on_1664_far_eastern_street,11312109,КакДома на улице Дальневосточная 166/4,KakDoma on 166/4 Far Eastern Street,Иркутск,"ул. Дальневосточная, 166/4, Иркутск, Иркутск",52.251133,104.32767,https://ostrovok.ru/hotel/russia/irkutsk/mid11312109/kakdoma_on_1664_far_eastern_street,,2026-07-19,2026-07-22
premium_premium_on_krasnokazachya_street_232,11321138,Premium (Премиум) на улице Красноказачья 23/2,Premium (Premium) on Krasnokazachya street 23/2,Иркутск,"ул.Красноказачья, д.23/2, Иркутск, Иркутск",52.283176,104.31711,https://ostrovok.ru/hotel/russia/irkutsk/mid11321138/premium_premium_on_krasnokazachya_street_232,,2026-07-19,2026-07-21
kakdoma_on_piskunov_street_1484,10850863,КакДома на улице Пискунова 148/4,KakDoma on Piskunov Street 148/4,Иркутск,"ул. Пискунова, 148/4, Иркутск, Иркутск",52.26943,104.33677,https://ostrovok.ru/hotel/russia/irkutsk/mid10850863/kakdoma_on_piskunov_street_1484,,2026-07-19,2026-07-22
kakdoma_on_yuri_levitansky_street_4,13343034,КакДома на улице Юрия Левитанского 4,KakDoma on Yuri Levitansky Street 4,Иркутск,"ул. Юрия Левитанского, 4, Иркутск, Иркутск",52.25058,104.33422,https://ostrovok.ru/hotel/russia/irkutsk/mid13343034/kakdoma_on_yuri_levitansky_street_4,,2026-07-19,2026-07-22
premium_on_eduard_dyakonov_street,13343045,Premium на улице Эдуарда Дьяконова,Premium on Eduard Dyakonov Street,Иркутск,"ул. Эдуарда Дьяконова, 14, Иркутск, Иркутск",52.252117,104.25527,https://ostrovok.ru/hotel/russia/irkutsk/mid13343045/premium_on_eduard_dyakonov_street,,2026-07-19,2026-07-22
odisseya,8755419,Одиссея,Odisseya,Тайшет,"ул. Автозаводская, д.4, Тайшет, Тайшет",55.93447,98.04902,https://ostrovok.ru/hotel/russia/irkutsk/mid8755419/odisseya,5,2026-07-19,2026-07-22
sweethome_on_krasnokazachya_street,13068676,SweetHome (СвитХоум) на улице Красноказачья,SweetHome on Krasnokazachya Street,Иркутск,"ул. Красноказачья, 23/3, Иркутск, Иркутск",52.28293,104.31752,https://ostrovok.ru/hotel/russia/irkutsk/mid13068676/sweethome_on_krasnokazachya_street,,2026-07-20,2026-07-21
sweethome_sweethome_on_deputatskaya_street,10161800,SweetHome (СвитХоум) на улице Депутатская,SweetHome (Sweethome) on Deputatskaya Street,Иркутск,"улица Депутатская, 87/9, Иркутск",52.26531,104.34379,https://ostrovok.ru/hotel/russia/irkutsk/mid10161800/sweethome_sweethome_on_deputatskaya_street,,2026-07-20,2026-07-21
kakdoma_on_piskunov_street_1485,10850866,КакДома на улице Пискунова 148/5,KakDoma on Piskunov Street 148/5,Иркутск,"ул. Пискунова, 148/5, Иркутск, Иркутск",52.270004,104.33676,https://ostrovok.ru/hotel/russia/irkutsk/mid10850866/kakdoma_on_piskunov_street_1485,,2026-07-20,2026-07-22
sweethome_sweethome_on_the_passage_of_yuri_ten,10476785,SweetHome (СвитХоум) на проезде Юрия Тена,SweetHome (Sweethome) on the passage of Yuri Ten,Иркутск,"пр-д Юрия Тена, 2/2, Иркутск, Иркутск",52.2537,104.25183,https://ostrovok.ru/hotel/russia/irkutsk/mid10476785/sweethome_sweethome_on_the_passage_of_yuri_ten,,2026-07-20,2026-07-21
9_nights_on_the_street_4_sovetskaya_30,13068733,9 ночей на улице 4 Советская 30,9 nights on the street 4 Sovetskaya 30,Иркутск,"ул. 4 Советская, д. 30, Иркутск, Иркутск",52.26934,104.30335,https://ostrovok.ru/hotel/russia/irkutsk/mid13068733/9_nights_on_the_street_4_sovetskaya_30,,2026-07-20,2026-07-21
9_nights_on_lytkin_street_96,13068735,9 Ночей на улице Лыткина 9/6,9 Nights on Lytkin Street 9/6,Иркутск,"ул. Лыткина, 9/6, Иркутск, Иркутск",52.263264,104.305115,https://ostrovok.ru/hotel/russia/irkutsk/mid13068735/9_nights_on_lytkin_street_96,,2026-07-20,2026-07-20
kakdoma_on_piskunov_street_138,10850871,КакДома на улице Пискунова 138,KakDoma on Piskunov Street 138,Иркутск,"ул. Пискунова, 138, Иркутск, Иркутск",52.272205,104.33486,https://ostrovok.ru/hotel/russia/irkutsk/mid10850871/kakdoma_on_piskunov_street_138,,2026-07-20,2026-07-20
siberian_apartments_on_krasnykh_magyar_street_14,9987409,Be Home (Би хоум) на улице Красных Мадьяр 14,Be Home on the street of the Red Magyars 14,Иркутск,"ул. Красных Мадьяр, 14, Иркутск, Иркутск",52.272133,104.29657,https://ostrovok.ru/hotel/russia/irkutsk/mid9987409/siberian_apartments_on_krasnykh_magyar_street_14,,2026-07-20,2026-07-20
siberian_apartments_on_krasnykh_magyar_street_142,9987129,Be Home (Би хоум) на улице Красных Мадьяр 14/2,Be Home on the street of the Red Magyars 14/2,Иркутск,"ул. Красных Мадьяр, 14/2, Иркутск, Иркутск",52.27225,104.29794,https://ostrovok.ru/hotel/russia/irkutsk/mid9987129/siberian_apartments_on_krasnykh_magyar_street_142,,2026-07-20,2026-07-22
khan_glamping_goloustnoe_khan_glamping_goloustnoe,13369843,Khan Glamping Goloustnoye (Хан Глэмпинг Голоустное),Khan Glamping Goloustnoe (Khan Glamping Goloustnoe),Большое Голоустное,"р. Голоустная, 106 км Голоустненского тракта, Большое Голоустное, Большое Голоустное",52.1112,105.38264,https://ostrovok.ru/hotel/russia/irkutsk/mid13369843/khan_glamping_goloustnoe_khan_glamping_goloustnoe,,2026-07-20,2026-07-22
sweethome_13,10153552,SweetHome (СвитХоум) на улице Можайская,SweetHome (SvitHome) on Mozhaiskaya Street,Иркутск,"ул. Можайского, 3/2, Иркутск, Иркутск",52.27612,104.35894,https://ostrovok.ru/hotel/russia/irkutsk/mid10153552/sweethome_13,,2026-07-21,2026-07-21
siberian_apartments_on_621_sedova_street,10453060,Be Home (Би хоум) на улице Седова 62/1,Be Home on 62/1 Sedova Street,Иркутск,"ул. Седова, 62/1, Иркутск, Иркутск",52.27039,104.29817,https://ostrovok.ru/hotel/russia/irkutsk/mid10453060/siberian_apartments_on_621_sedova_street,,2026-07-21,2026-07-21
goodhome38_goodhome38_on_semyon_lagoda_street_42,10451501,GoodHome38 на улице Семена Лагоды 4/2,GoodHome38 on Semyon Lagoda Street 4/2,Иркутск,"ул. Семена Лагоды, д. 4/2, Иркутск, Иркутск",52.26144,104.30148,https://ostrovok.ru/hotel/russia/irkutsk/mid10451501/goodhome38_goodhome38_on_semyon_lagoda_street_42,,2026-07-21,2026-07-21
9_nights_on_alexander_nevsky_street_58,13068715,9 ночей на улице Александра Невского 58,9 nights on Alexander Nevsky Street 58,Иркутск,"ул. Александра Невского, 58, Иркутск, Иркутск",52.269363,104.31345,https://ostrovok.ru/hotel/russia/irkutsk/mid13068715/9_nights_on_alexander_nevsky_street_58,,2026-07-21,2026-07-21
9_nights_on_12_zvereva_street,13068732,9 ночей на улице Зверева 1/2,9 nights on 1/2 Zvereva Street,Иркутск,"ул. Зверева, 1/2, Иркутск, Иркутск",52.267433,104.32854,https://ostrovok.ru/hotel/russia/irkutsk/mid13068732/9_nights_on_12_zvereva_street,,2026-07-21,2026-07-21
alye_parusa_in_the_krylatyi_microdistrict_244,13068746,Алые паруса в микрорайоне Крылатый 24/4,Alye Parusa in the Krylatyi microdistrict 24/4,Иркутск,"микрорайон Крылатый, 24/4, Иркутск, Иркутск",52.266884,104.34296,https://ostrovok.ru/hotel/russia/irkutsk/mid13068746/alye_parusa_in_the_krylatyi_microdistrict_244,,2026-07-21,2026-07-21
kakdoma_on_krasnokazachya_street,10850869,КакДома на улице Красноказачья 76/2,What kind of house is on Krasnokazachya Street 76/2,Иркутск,"ул. Красноказачья, 76/2, Иркутск, Иркутск",52.26724,104.32706,https://ostrovok.ru/hotel/russia/irkutsk/mid10850869/kakdoma_on_krasnokazachya_street,,2026-07-21,2026-07-22
kakdoma_on_1666_far_eastern_street,13258861,КакДома на улице Дальневосточная 166/6,KakDoma on 166/6 Far Eastern Street,Иркутск,"ул. Дальневосточная, 166/6, Иркутск, Иркутск",52.251125,104.328384,https://ostrovok.ru/hotel/russia/irkutsk/mid13258861/kakdoma_on_1666_far_eastern_street,,2026-07-21,2026-07-22
kakdoma_on_the_winged_244_microdistrict,10850862,КакДома на микрорайоне Крылатый 24/4,KakDoma on the Winged 24/4 microdistrict,Иркутск,"мкр. Крылатый, 24/4, Иркутск, Иркутск",52.26678,104.34299,https://ostrovok.ru/hotel/russia/irkutsk/mid10850862/kakdoma_on_the_winged_244_microdistrict,,2026-07-22,2026-07-22
hotel_arakhis,13963961,Отель Арахис,Hotel Arakhis,Иркутск,"улица Рабочая, д. 25, Иркутск",52.29247,104.28927,https://ostrovok.ru/hotel/russia/irkutsk/mid13963961/hotel_arakhis,8,2026-07-26,2026-09-10
aerobratsk,10899814,Отель Аэропорт Братск,Aeroport Bratsk Hotel,Братск,"с.п. Кобляковское, тер Аэропорт, зд. 4, Братск",56.365128,101.703316,https://ostrovok.ru/hotel/russia/irkutsk/mid10899814/aerobratsk,32,2026-07-28,2026-09-10
baikalov_ostrog,8850693,Bajkal-Ujuga,Bajkal-Ujuga,Хужир,"Ol'honskij r-n, Ujuga, Хужир",53.18589,107.31313,https://ostrovok.ru/hotel/russia/irkutsk/mid8850693/baikalov_ostrog,,2026-08-20,2026-09-10
living_quarters_uyutnye_dlya_dvoikh,13970207,Меблированные комнаты Уютные для Двоих,Living quarters Uyutnye Dlya Dvoikh,Иркутск,"улица Профсоюзная, д.36, Иркутск",52.280228,104.25831,https://ostrovok.ru/hotel/russia/irkutsk/mid13970207/living_quarters_uyutnye_dlya_dvoikh,,2026-08-20,2026-09-10
irkutsk,7819551,Отель Иркутск,Irkutsk Hotel,Иркутск,"бульвар Гагарина, д.44, Иркутск",52.28235,104.27313,https://ostrovok.ru/hotel/russia/irkutsk/mid7819551/irkutsk,162,2026-08-31,2026-09-01
hotel_ochagof,8685974,Отель Очагоф,Ochagof Hotel,Иркутск,"улица Дальневосточная, д.21, Иркутск",52.26298,104.29798,https://ostrovok.ru/hotel/russia/irkutsk/mid8685974/hotel_ochagof,23,2026-08-31,2026-09-01
fregat_hotel_3,8010878,Отель Фрегат,Fregat Hotel,Иркутск,"ул. Байкальская, стр. 236а, Иркутск",52.25347,104.32735,https://ostrovok.ru/hotel/russia/irkutsk/mid8010878/fregat_hotel_3,38,2026-09-01,2026-09-01
