merged_id,match_type,address_score,name_score,city,name,address,lat,lon,rooms_number,ostrovok_ota_hotel_id,ostrovok_master_id,ostrovok_name,ostrovok_address,ostrovok_url,ostrovok_rooms_number,tvil_hotel_id,tvil_name,tvil_address,tvil_url,tvil_rooms_number
1,address,100,62,Иркутск,Гостиничный Комплекс Русь,"улица Свердлова, д.19, Иркутск",52.284284,104.279035,56,,,Гостиничный Комплекс Русь,"улица Свердлова, д.19, Иркутск",,,1296851,"Гостиница ""Русь""","Иркутск, улица Свердлова, 19",https://tvil.ru/city/irkutsk/hotels/1296851/,56
2,address,100,86,Иркутск,Отель Доходный дом Листратовой,"Подгорная улица, д.16, Иркутск",52.277744,104.29269,15,dohodnyij_dom_listratvoj_butikhotel,9024017,Отель Доходный дом Листратовой,"Подгорная улица, д.16, Иркутск",https://ostrovok.ru/hotel/russia/irkutsk/mid9024017/dohodnyij_dom_listratvoj_butikhotel,15,1129766,"Доходный дом ""М.А. Листратовой""","Иркутск, Подгорная улица, 16",https://tvil.ru/city/irkutsk/hotels/1129766/,15
3,address,100,100,Иркутск,Отель Яковлевъ,"улица Тимирязева, д.9, Иркутск",52.27755,104.28911,25,yakovlev_hotel,8742012,Отель Яковлевъ,"улица Тимирязева, д.9, Иркутск",https://ostrovok.ru/hotel/russia/irkutsk/mid8742012/yakovlev_hotel,25,1367731,"Отель ""Яковлевъ""","Иркутск, улица Тимирязева, 9",https://tvil.ru/city/irkutsk/hotels/1367731/,25
4,address,100,100,Иркутск,Отель Nuur Hotel,"улица Карла Либкнехта, д. 85, Иркутск",52.28169,104.30685,28,hotel_nuur_hotel,13174758,Отель Nuur Hotel,"улица Карла Либкнехта, д. 85, Иркутск",https://ostrovok.ru/hotel/russia/irkutsk/mid13174758/hotel_nuur_hotel,28,1979910,"Отель""NUUR HOTEL""","Иркутск, улица Карла Либкнехта, 85",https://tvil.ru/city/irkutsk/hotels/1979910/,28
5,address,100,100,Иркутск,Отель Иркут,"улица Пролетарская, д.7, Иркутск",52.288887,104.28529,30,otel_irkut,8348721,Отель Иркут,"улица Пролетарская, д.7, Иркутск",https://ostrovok.ru/hotel/russia/irkutsk/mid8348721/otel_irkut,30,1609403,"Отель ""Иркут""","Иркутск, Пролетарская улица, 7",https://tvil.ru/city/irkutsk/hotels/1609403/,30
6,address,100,64,Иркутск,Ангара Отель,"улица Сухэ-Батора, д.7, Иркутск",52.287533,104.28244,300,angara_hotel,7806182,Ангара Отель,"улица Сухэ-Батора, д.7, Иркутск",https://ostrovok.ru/hotel/russia/irkutsk/mid7806182/angara_hotel,300,1435824,"Гостиница ""Ангара""","Иркутск, улица Сухэ-Батора, 7",https://tvil.ru/city/irkutsk/hotels/1435824/,300
7,address,100,100,Иркутск,Гостиница 7 дорог,"улица Ядринцева, д. 88, Иркутск",52.274845,104.335236,19,7_dorog,7029576,Гостиница 7 дорог,"улица Ядринцева, д. 88, Иркутск",https://ostrovok.ru/hotel/russia/irkutsk/mid7029576/7_dorog,19,1462849,"Гостиница ""7 дорог""","Иркутск, улица Ядринцева, 88",https://tvil.ru/city/irkutsk/hotels/1462849/,19
8,address,100,44,Иркутск,Отель Матрешка,"Улица Софьи Перовской, д.31/1, Иркутск",52.282005,104.30065,35,matreshka_hotel,6332937,Отель Матрешка,"Улица Софьи Перовской, д.31/1, Иркутск",https://ostrovok.ru/hotel/russia/irkutsk/mid6332937/matreshka_hotel,35,906031,"Гостиница ""Матрёшка""","Иркутск, улица Софьи Перовской, 31",https://tvil.ru/city/irkutsk/hotels/906031/,35
9,address,100,100,Иркутск,Отель Амурский,"улица Ленина, д.34, Иркутск",52.280666,104.28177,17,amurskiy,9079548,Отель Амурский,"улица Ленина, д.34, Иркутск",https://ostrovok.ru/hotel/russia/irkutsk/mid9079548/amurskiy,17,1335449,Отель Амурский,"Иркутск, улица Ленина, 34",https://tvil.ru/city/irkutsk/hotels/1335449/,17
10,address,100,58,Иркутск,Отель Азия-Европа,"улица Ядринцева, 1/7, Иркутск",52.279037,104.336205,19,hotel_aziyayevropa,13393268,Отель Азия-Европа,"улица Ядринцева, 1/7, Иркутск",https://ostrovok.ru/hotel/russia/irkutsk/mid13393268/hotel_aziyayevropa,19,2063101,"Гостиница ""Азия-Европа""","Иркутск, улица Ядринцева, 1/7",https://tvil.ru/city/irkutsk/hotels/2063101/,19
11,address,100,84,Иркутск,Отель Аристократ,"улица Ленина, д.9, Иркутск",52.281384,104.281876,12,aristokrat_hotel,8745188,Отель Аристократ,"улица Ленина, д.9, Иркутск",https://ostrovok.ru/hotel/russia/irkutsk/mid8745188/aristokrat_hotel,12,1343236,"Бутик-отель ""Аристократ""","Иркутск, улица Ленина, 9",https://tvil.ru/city/irkutsk/hotels/1343236/,12
12,address,100,100,Иркутск,Отель Михаил Строгов,"улица Депутатская, д. 36, Иркутск",52.27365,104.3207,20,mihail_strogov,8469949,Отель Михаил Строгов,"улица Депутатская, д. 36, Иркутск",https://ostrovok.ru/hotel/russia/irkutsk/mid8469949/mihail_strogov,20,904225,"Отель ""Михаил Строгов""","Иркутск, Депутатская улица, 36",https://tvil.ru/city/irkutsk/hotels/904225/,21
13,address,100,100,Листвянка,Отель Маяк,"улица Горького, дом 85а, Листвянка",51.847157,104.873566,54,mayak_hotel_listvyanka,7816262,Отель Маяк,"улица Горького, дом 85а, Листвянка",https://ostrovok.ru/hotel/russia/irkutsk/mid7816262/mayak_hotel_listvyanka,54,1000539,"Отель ""Маяк""","Листвянка, улица Горького, 85А",https://tvil.ru/city/listvyanka/hotels/1000539/,75
14,address,100,19,Иркутск,Отель Baikal Forest,"улица Советская, д.58/1, Иркутск",52.275658,104.30523,156,baikal_forest_hotel,9825031,Отель Baikal Forest,"улица Советская, д.58/1, Иркутск",https://ostrovok.ru/hotel/russia/irkutsk/mid9825031/baikal_forest_hotel,156,1472664,"Гостиница ""Байкал Форест""","Иркутск, Советская улица, 58/1",https://tvil.ru/city/irkutsk/hotels/1472664/,76
15,address,100,100,Иркутск,Отель Купеческий Дворъ,"улица Седова, д.10, Иркутск",52.27513,104.28797,14,kupechesky_dvor_hotel,8059354,Отель Купеческий Дворъ,"улица Седова, д.10, Иркутск",https://ostrovok.ru/hotel/russia/irkutsk/mid8059354/kupechesky_dvor_hotel,14,767249,"Отель ""Купеческий Дворъ""","Иркутск, улица Седова, 10",https://tvil.ru/city/irkutsk/hotels/767249/,14
16,address,100,58,Хужир,Baikal View Hotel,"улица Российская, д. 17, Хужир",53.1781,107.30675,99,baikal_view_hotel,7681558,Baikal View Hotel,"улица Российская, д. 17, Хужир",https://ostrovok.ru/hotel/russia/irkutsk/mid7681558/baikal_view_hotel,99,1802586,"Гостиница ""BAIKAL VIEW""","Хужир, Российская, 17",https://tvil.ru/city/huzhir/hotels/1802586/,99
17,address,100,100,Хужир,Отель Байкал-Хан Ольхон,"улица Ворошилова, д. 18, Хужир",53.19855,107.351166,40,baykal_khan_hotel_olkhon,6848973,Отель Байкал-Хан Ольхон,"улица Ворошилова, д. 18, Хужир",https://ostrovok.ru/hotel/russia/irkutsk/mid6848973/baykal_khan_hotel_olkhon,40,1372499,"Отель ""Байкал Хан Ольхон""","Хужир, улица Ворошилова, 18",https://tvil.ru/city/huzhir/hotels/1372499/,37
18,address,100,50,Иркутск,Отель Armat,"улица Ширямова, д.33, Иркутск",52.256546,104.34678,40,armat_hotel,8755884,Отель Armat,"улица Ширямова, д.33, Иркутск",https://ostrovok.ru/hotel/russia/irkutsk/mid8755884/armat_hotel,40,1441288,Отель Армат 4*,"Иркутск, улица Ширямова, 33",https://tvil.ru/city/irkutsk/hotels/1441288/,40
19,address,100,62,Иркутск,Гостиница Атлас,"проезд Атласова, д.9, Иркутск",52.264576,104.32704,29,atlas_hotel_3,7883850,Гостиница Атлас,"проезд Атласова, д.9, Иркутск",https://ostrovok.ru/hotel/russia/irkutsk/mid7883850/atlas_hotel_3,29,1367592,"Отель ""Атлас""","Иркутск, проезд Атласова, 9",https://tvil.ru/city/irkutsk/hotels/1367592/,28
20,address,100,64,Иркутск,Отель на Звездинской,"Улица Звездинская, д. 5/1, Иркутск",52.273518,104.256294,25,gostevoj_dom_na_zvezdinskoj,6827039,Отель на Звездинской,"Улица Звездинская, д. 5/1, Иркутск",https://ostrovok.ru/hotel/russia/irkutsk/mid6827039/gostevoj_dom_na_zvezdinskoj,25,1328740,"Гостиница ""На Звездинской""","Иркутск, Звездинская улица, 5",https://tvil.ru/city/irkutsk/hotels/1328740/,30
21,address,100,75,Иркутск,Гостиница Лазурный берег,"Байкальская улица, д. 252Б, Иркутск",52.2534,104.33767,65,lazurny_bereg_hotel_,7797591,Гостиница Лазурный берег,"Байкальская улица, д. 252Б, Иркутск",https://ostrovok.ru/hotel/russia/irkutsk/mid7797591/lazurny_bereg_hotel_,65,424345,"Гостиничный комплекс ""Лазурный берег""","Иркутск, Байкальская улица, 252Б",https://tvil.ru/city/irkutsk/hotels/424345/,66
22,address,100,8,Хужир,Отель Байкальский лес (BaikalWood Hotel&SPA),"улица Светлая, д.5, Хужир",53.193813,107.3616,44,eko_baikalwood_hotel,8737003,Отель Байкальский лес (BaikalWood Hotel&SPA),"улица Светлая, д.5, Хужир",https://ostrovok.ru/hotel/russia/irkutsk/mid8737003/eko_baikalwood_hotel,44,1345611,Гостиница,"Хужир, Светлая улица, 5",https://tvil.ru/city/huzhir/hotels/1345611/,29
23,address,100,100,Иркутск,Гостиница Юбилейная,"микрорайон Юбилейный, д. 118, Иркутск",52.222046,104.2961,23,hotel_yubileinaya__2,6433819,Гостиница Юбилейная,"микрорайон Юбилейный, д. 118, Иркутск",https://ostrovok.ru/hotel/russia/irkutsk/mid6433819/hotel_yubileinaya__2,23,1490581,"Гостиница ""Юбилейная""","Иркутск, микрорайон Юбилейный, 118",https://tvil.ru/city/irkutsk/hotels/1490581/,23
24,address,100,71,Иркутск,Отель Байкал - Северное Море,"Улица Дальневосточная, д.156, Иркутск",52.25208,104.32113,119,bajkal_severnoe_more_hotel,8526970,Отель Байкал - Северное Море,"Улица Дальневосточная, д.156, Иркутск",https://ostrovok.ru/hotel/russia/irkutsk/mid8526970/bajkal_severnoe_more_hotel,119,1378154,"Гостиница ""Байкал - Северное море""","Иркутск, Дальневосточная, 156",https://tvil.ru/city/irkutsk/hotels/1378154/,120
25,address,100,100,Листвянка,Отель Даурия,"улица Куликова, д.44, Листвянка",51.859695,104.86325,4,dauria_hotel_2,7685971,Отель Даурия,"улица Куликова, д.44, Листвянка",https://ostrovok.ru/hotel/russia/irkutsk/mid7685971/dauria_hotel_2,4,1032271,"Отель ""Даурия""","Листвянка, улица Куликова, 44",https://tvil.ru/city/listvyanka/hotels/1032271/,15
26,address,100,79,Ангарск,Отель Ангара-Приоритет,"Квартал Б, д.13, Ангарск",52.50619,103.83226,31,hotel_angara,6715745,Отель Ангара-Приоритет,"Квартал Б, д.13, Ангарск",https://ostrovok.ru/hotel/russia/irkutsk/mid6715745/hotel_angara,31,1314294,"Гостиница ""Ангара-Приоритет""","Ангарск, квартал Б, 13",https://tvil.ru/city/angarsk/hotels/1314294/,31
27,address,100,65,Хужир,Семейный отель Дача БайкалЭко,"улица Лесная, д. 32, Хужир",53.191616,107.34986,10,hotel_dacha_baikaleco,10010618,Семейный отель Дача БайкалЭко,"улица Лесная, д. 32, Хужир",https://ostrovok.ru/hotel/russia/irkutsk/mid10010618/hotel_dacha_baikaleco,10,1450305,Дача БайкалЭко,"Хужир, Лесная улица, 32",https://tvil.ru/city/huzhir/hotels/1450305/,10
28,address,100,30,Нижнеудинск,Октябрьская,"улица Октябрьская, д.1 Б, Нижнеудинск",54.907585,99.04532,5,oktyabrskaya_minihotel,8751925,Октябрьская,"улица Октябрьская, д.1 Б, Нижнеудинск",https://ostrovok.ru/hotel/russia/irkutsk/mid8751925/oktyabrskaya_minihotel,,1467982,Гостиница,"Нижнеудинск, Октябрьская улица, 1-Б",https://tvil.ru/city/nizhneudinsk/hotels/1467982/,5
29,address,100,100,Иркутск,Отель Тайга,"улица Сурикова, д.4в, Иркутск",52.288013,104.26984,44,tajga_hotel,9767827,Отель Тайга,"улица Сурикова, д.4в, Иркутск",https://ostrovok.ru/hotel/russia/irkutsk/mid9767827/tajga_hotel,44,1296594,"Отель ""Тайга""","Иркутск, улица Сурикова, 4В",https://tvil.ru/city/irkutsk/hotels/1296594/,44
30,address,100,83,Братск,Клубный Квартал,"бульвар Победы, д.30, Братск",56.150185,101.64935,67,klubnyij_kvartal_apartments,9081992,Клубный Квартал,"бульвар Победы, д.30, Братск",https://ostrovok.ru/hotel/russia/irkutsk/mid9081992/klubnyij_kvartal_apartments,67,1265779,"Отель ""Клубный Квартал""","Братск, бульвар Победы, 30",https://tvil.ru/city/bratsk/hotels/1265779/,48
31,address,100,54,Иркутск,Отель North Star,"улица Седова, 4, Иркутск",52.275555,104.28755,12,north_star_hotel_9,10670964,Отель North Star,"улица Седова, 4, Иркутск",https://ostrovok.ru/hotel/russia/irkutsk/mid10670964/north_star_hotel_9,12,1775519,"Гостиница ""Nord Star Hotel""","Иркутск, улица Седова, 4",https://tvil.ru/city/irkutsk/hotels/1775519/,12
32,address,100,100,Иркутск,Отель Байкал Бизнес Центр,"улица Байкальская, д.279, Иркутск",52.257786,104.35341,59,baikal_business_center_hotel,7827545,Отель Байкал Бизнес Центр,"улица Байкальская, д.279, Иркутск",https://ostrovok.ru/hotel/russia/irkutsk/mid7827545/baikal_business_center_hotel,59,1265180,"Отель ""Байкал Бизнес Центр""","Иркутск, Байкальская улица, 279",https://tvil.ru/city/irkutsk/hotels/1265180/,59
33,address,100,67,Иркутск,Гостиница Альпари,"микрорайон Приморский, д.24 А, Иркутск",52.23193,104.30829,10,alpari,7776573,Гостиница Альпари,"микрорайон Приморский, д.24 А, Иркутск",https://ostrovok.ru/hotel/russia/irkutsk/mid7776573/alpari,10,1490199,Отель «Альпари»,"Иркутск, микрорайон Приморский, 24-А",https://tvil.ru/city/irkutsk/hotels/1490199/,10
34,address,100,0,Черемхово,Shelest,"улица Марата, д. 109, Черемхово",53.136738,103.07335,8,shelest,8664834,Shelest,"улица Марата, д. 109, Черемхово",https://ostrovok.ru/hotel/russia/irkutsk/mid8664834/shelest,,1851647,"Парк-Отель ""Шелест""","Черемхово, улица Марата, 109",https://tvil.ru/city/cheremhovo/hotels/1851647/,8
35,address,100,62,Иркутск,Гостиничный Комплекс Русь,"улица Свердлова,19, Иркутск",52.28431,104.27926,56,rus_hotel_irkutsk,7774831,Гостиничный Комплекс Русь,"улица Свердлова,19, Иркутск",https://ostrovok.ru/hotel/russia/irkutsk/mid7774831/rus_hotel_irkutsk,56,1296851,"Гостиница ""Русь""","Иркутск, улица Свердлова, 19",https://tvil.ru/city/irkutsk/hotels/1296851/,56
36,address,100,72,Иркутск,Отель Автовокзал,"улица Октябрьской Революции, 11, Иркутск",52.28977,104.304794,22,hotel_gostinitsa_avtovokzal,13754102,Отель Автовокзал,"улица Октябрьской Революции, 11, Иркутск",https://ostrovok.ru/hotel/russia/irkutsk/mid13754102/hotel_gostinitsa_avtovokzal,22,2112642,"Гостиница ""Автовокзал""","Иркутск, улица Октябрьской Революции, 11",https://tvil.ru/city/irkutsk/hotels/2112642/,22
37,address,98,43,Байкальск,Отель Космос,"Гагарина микрорайон, 2а, Байкальск",51.521896,104.15169,16,hotel_kosmos_5,10212636,Отель Космос,"Гагарина микрорайон, 2а, Байкальск",https://ostrovok.ru/hotel/russia/irkutsk/mid10212636/hotel_kosmos_5,16,895518,"Гостиница ""Космос""","Байкальск, микрорайон Гагарина, 2-А",https://tvil.ru/city/baikalsk/hotels/895518/,16
38,name,97,100,Байкальск,Парк-отель Соболинка,"квартал Красный Ключ, д.90, Байкальск",51.513905,104.12188,38,sobolinka_parkhotel_2,9761022,Парк-отель Соболинка,"квартал Красный Ключ, д.90, Байкальск",https://ostrovok.ru/hotel/russia/irkutsk/mid9761022/sobolinka_parkhotel_2,38,1287498,"Парк-отель ""Соболинка""","Байкальск, Россия, Иркутская область, Слюдянский район, Байкальск, квартал Красный Ключ, 90",https://tvil.ru/city/baikalsk/hotels/1287498/,33
39,name,96,100,Бурдугуз,Парк-Отель Бурдугуз,"улица Лесная, д.1, Бурдугуз",52.05705,104.60222,69,burduguz_hotel_2,7829252,Парк-Отель Бурдугуз,"улица Лесная, д.1, Бурдугуз",https://ostrovok.ru/hotel/russia/irkutsk/mid7829252/burduguz_hotel_2,69,1276636,"Парк-отель ""Бурдугуз""","Иркутск, Большереченское муниципальное образование, посёлок Бурдугуз, Лесная улица, 1",https://tvil.ru/city/irkutsk/hotels/1276636/,69
40,name,95,100,Листвянка,Отель Подлеморье,"улица Горького, д.31Б, Листвянка",51.854576,104.862686,14,podlemorie_hotel,7679750,Отель Подлеморье,"улица Горького, д.31Б, Листвянка",https://ostrovok.ru/hotel/russia/irkutsk/mid7679750/podlemorie_hotel,14,1892012,"Отель ""Подлеморье""","Листвянка, улица Горького, 31",https://tvil.ru/city/listvyanka/hotels/1892012/,14
41,name,95,100,Иркутск,Отель Лотос,"Байкальская улица, д.14 Б, Иркутск",52.278976,104.29911,23,lotos_hotel,7744038,Отель Лотос,"Байкальская улица, д.14 Б, Иркутск",https://ostrovok.ru/hotel/russia/irkutsk/mid7744038/lotos_hotel,23,946962,"Отель ""Лотос""","Иркутск, Байкальская улица, 14Б",https://tvil.ru/city/irkutsk/hotels/946962/,21
42,name,95,100,Иркутск,Отель Звезда,"улица Ядринцева, д. 1Ж, Иркутск",52.277885,104.33643,65,best_eastern_hotel_zvezda,7806155,Отель Звезда,"улица Ядринцева, д. 1Ж, Иркутск",https://ostrovok.ru/hotel/russia/irkutsk/mid7806155/best_eastern_hotel_zvezda,65,425543,"Отель ""Звезда""","Иркутск, улица Ядринцева, 1-Ж",https://tvil.ru/city/irkutsk/hotels/425543/,64
43,name,94,100,Братск,Отель Белый берег,"ул. Курчатова 65, Братск, Братск",56.157047,101.66097,5,bely_bereg,10844916,Отель Белый берег,"ул. Курчатова 65, Братск, Братск",https://ostrovok.ru/hotel/russia/irkutsk/mid10844916/bely_bereg,5,1785783,"Отель ""Белый Берег""","Братск, улица Курчатова, 65",https://tvil.ru/city/bratsk/hotels/1785783/,5
44,name,93,100,Байкальск,Отель Гранд Байкал,"мкр. Красный Ключ, 91, Байкальск",51.509495,104.120804,64,grand_baikal,8481257,Отель Гранд Байкал,"мкр. Красный Ключ, 91, Байкальск",https://ostrovok.ru/hotel/russia/irkutsk/mid8481257/grand_baikal,64,1277758,"Отель ""Гранд Байкал""","Байкальск, Слюдянский район, Байкальск, квартал Красный Ключ, 91",https://tvil.ru/city/baikalsk/hotels/1277758/,64
45,name,89,100,Иркутск,Гостиница У Истока,"Ржанова ул., д. 43, Иркутск",52.252934,104.36322,24,u_istoka_hotel,7675302,Гостиница У Истока,"Ржанова ул., д. 43, Иркутск",https://ostrovok.ru/hotel/russia/irkutsk/mid7675302/u_istoka_hotel,24,1382100,"Гостиница ""У Истока""","Иркутск, улица Ржанова, 43",https://tvil.ru/city/irkutsk/hotels/1382100/,24
46,name,82,100,Сарма,Парк-Отель Алтан,"тер. база отдыха Алтан, стр. 1, Сарма",53.08592,106.799416,21,recreation_complex_altan,7613629,Парк-Отель Алтан,"тер. база отдыха Алтан, стр. 1, Сарма",https://ostrovok.ru/hotel/russia/irkutsk/mid7613629/recreation_complex_altan,21,1993192,"Парк-отель ""Алтан""","деревня Сарма, территория база отдыха «Алтан», б/н",https://tvil.ru/city/derevnya-sarma/hotels/1993192/,21
47,unmatched_ostrovok,,,Иркутск,Гостиница Виктория,"улица Богдана Хмельницкого, д.1 Иркутск, Россия, Иркутск",52.283413,104.28748,30,victory_hotel_4,8457230,Гостиница Виктория,"улица Богдана Хмельницкого, д.1 Иркутск, Россия, Иркутск",https://ostrovok.ru/hotel/russia/irkutsk/mid8457230/victory_hotel_4,30,,,,,
48,unmatched_ostrovok,,,Листвянка,Отель Вера Байкал,"улица Горького, 8, Листвянка",51.843483,104.87859,38,vera_baikal,13308776,Отель Вера Байкал,"улица Горького, 8, Листвянка",https://ostrovok.ru/hotel/russia/irkutsk/mid13308776/vera_baikal,38,,,,,
49,unmatched_ostrovok,,,Иркутск,Отель Ибис Иркутск Центр,"улица Полины Осипенко, дом 5, Иркутск",52.28745,104.27029,128,ibis_irkutsk_center,8734978,Отель Ибис Иркутск Центр,"улица Полины Осипенко, дом 5, Иркутск",https://ostrovok.ru/hotel/russia/irkutsk/mid8734978/ibis_irkutsk_center,128,,,,,
50,unmatched_ostrovok,,,Хужир,Ольхон стори,"улица Народная, д.19, Хужир",53.197918,107.35988,6,olkhonstory_guest_house,8876953,Ольхон стори,"улица Народная, д.19, Хужир",https://ostrovok.ru/hotel/russia/irkutsk/mid8876953/olkhonstory_guest_house,6,,,,,
51,unmatched_ostrovok,,,Иркутск,Квартира в центре Иркутска,"улица Российская, д. 14А, Иркутск",52.28573,104.27709,,dizajnerskaya_kvartira_v_tsentre_irkutska,9995434,Квартира в центре Иркутска,"улица Российская, д. 14А, Иркутск",https://ostrovok.ru/hotel/russia/irkutsk/mid9995434/dizajnerskaya_kvartira_v_tsentre_irkutska,,,,,,
52,unmatched_ostrovok,,,Иркутск,Отель Европа,"улица Байкальская, д.69, Иркутск",52.274567,104.304855,58,evropa_hotel,7828771,Отель Европа,"улица Байкальская, д.69, Иркутск",https://ostrovok.ru/hotel/russia/irkutsk/mid7828771/evropa_hotel,58,,,,,
53,unmatched_ostrovok,,,Иркутск,Отель Иркутск Сити Центр,"ул. Чкалова, д. 15, Иркутск",52.28786,104.27297,206,irkutsk_city_center,13384478,Отель Иркутск Сити Центр,"ул. Чкалова, д. 15, Иркутск",https://ostrovok.ru/hotel/russia/irkutsk/mid13384478/irkutsk_city_center,206,,,,,
54,unmatched_ostrovok,,,Иркутск,Гостиница Империя,"улица Польских Повстанцев, стр. 1а/2, Иркутск",52.291225,104.2827,49,empire_hotel_3,7829344,Гостиница Империя,"улица Польских Повстанцев, стр. 1а/2, Иркутск",https://ostrovok.ru/hotel/russia/irkutsk/mid7829344/empire_hotel_3,49,,,,,
55,unmatched_ostrovok,,,Иркутск,Мини-Отель Good Hotel,"ул Сибирская, стр. 21/2, помещ. 1, Иркутск",52.26237,104.30276,6,miniotel_good_hotel,10013559,Мини-Отель Good Hotel,"ул Сибирская, стр. 21/2, помещ. 1, Иркутск",https://ostrovok.ru/hotel/russia/irkutsk/mid10013559/miniotel_good_hotel,6,,,,,
56,unmatched_ostrovok,,,Хужир,Sunrise,"Первомайская улица, 25А, Хужир",53.196953,107.33776,,gostevoy_dom_sunrise,10485526,Sunrise,"Первомайская улица, 25А, Хужир",https://ostrovok.ru/hotel/russia/irkutsk/mid10485526/gostevoy_dom_sunrise,,,,,,
57,unmatched_ostrovok,,,Иркутск,AZIMUT Отель Аэропорт Иркутск 4*,"ул. Ширямова, 10А, Иркутск",52.27366,104.35384,100,azimut_aeroport_irkutsk_hotel,13317260,AZIMUT Отель Аэропорт Иркутск 4*,"ул. Ширямова, 10А, Иркутск",https://ostrovok.ru/hotel/russia/irkutsk/mid13317260/azimut_aeroport_irkutsk_hotel,100,,,,,
58,unmatched_ostrovok,,,Листвянка,Отель Байкал,"Академическая улица, 13, Листвянка",51.867683,104.83757,72,bajkal_hotel,7965294,Отель Байкал,"Академическая улица, 13, Листвянка",https://ostrovok.ru/hotel/russia/irkutsk/mid7965294/bajkal_hotel,72,,,,,
59,unmatched_ostrovok,,,Иркутск,Премиум-отель Пушкин,"ул. Сухэ-Батора, 18, Иркутск",52.28322,104.28573,46,hotel_premium_hotel_pushkin,13310309,Премиум-отель Пушкин,"ул. Сухэ-Батора, 18, Иркутск",https://ostrovok.ru/hotel/russia/irkutsk/mid13310309/hotel_premium_hotel_pushkin,46,,,,,
60,unmatched_ostrovok,,,Иркутск,Отель Business Hall,"улица Свердлова, д.10, Иркутск",52.282608,104.27683,18,inn_business_hall,8735100,Отель Business Hall,"улица Свердлова, д.10, Иркутск",https://ostrovok.ru/hotel/russia/irkutsk/mid8735100/inn_business_hall,18,,,,,
61,unmatched_ostrovok,,,Листвянка,Байкалия,"Горная улица, 15, Листвянка",51.859745,104.86126,,guest_house_baykaliya,13428580,Байкалия,"Горная улица, 15, Листвянка",https://ostrovok.ru/hotel/russia/irkutsk/mid13428580/guest_house_baykaliya,,,,,,
62,unmatched_ostrovok,,,Никола,Отель Никола,"Иркутская область, Листвянка, Байкальский тракт 64-й км, поселок Никола, улица Ангарская, д. 15, Никола",51.892323,104.82522,27,hotel_nikola_2,8748287,Отель Никола,"Иркутская область, Листвянка, Байкальский тракт 64-й км, поселок Никола, улица Ангарская, д. 15, Никола",https://ostrovok.ru/hotel/russia/irkutsk/mid8748287/hotel_nikola_2,27,,,,,
63,unmatched_ostrovok,,,Иркутск,SAYEN,"ул. Карла Маркса, 13Б, Иркутск",52.282074,104.283806,25,international_hotel_sayen,7384846,SAYEN,"ул. Карла Маркса, 13Б, Иркутск",https://ostrovok.ru/hotel/russia/irkutsk/mid7384846/international_hotel_sayen,25,,,,,
64,unmatched_ostrovok,,,Иркутск,Отель Гостевой Дом Хейвица,"улица Дзержинского, д. 44, Иркутск",52.285812,104.297844,8,kheyvitsa_guest_house,11169967,Отель Гостевой Дом Хейвица,"улица Дзержинского, д. 44, Иркутск",https://ostrovok.ru/hotel/russia/irkutsk/mid11169967/kheyvitsa_guest_house,8,,,,,
65,unmatched_ostrovok,,,Иркутск,Меблированные комнаты в Иркутске,"переулок Алексеева, д.2А, Иркутск",52.263927,104.30125,,apartamentyi_v_irkutske,9993445,Меблированные комнаты в Иркутске,"переулок Алексеева, д.2А, Иркутск",https://ostrovok.ru/hotel/russia/irkutsk/mid9993445/apartamentyi_v_irkutske,,,,,,
66,unmatched_ostrovok,,,Иркутск,Отель ДиаДэй,"улица Профсоюзная, д. 10/2, Иркутск",52.284023,104.256004,9,minihotel_panda,6479321,Отель ДиаДэй,"улица Профсоюзная, д. 10/2, Иркутск",https://ostrovok.ru/hotel/russia/irkutsk/mid6479321/minihotel_panda,9,,,,,
67,unmatched_ostrovok,,,Усть-Илимск,Усть-Илим,"пр-т Дружбы Народов, д. 2, Усть-Илимск",57.955795,102.74813,80,gostinitsa_ustilim,7026078,Усть-Илим,"пр-т Дружбы Народов, д. 2, Усть-Илимск",https://ostrovok.ru/hotel/russia/irkutsk/mid7026078/gostinitsa_ustilim,80,,,,,
68,unmatched_ostrovok,,,Иркутск,Отель Арена Иркутск,"ул. Желябова, 8А, Иркутск",52.288128,104.28727,15,arena_g_irkutsk,8491921,Отель Арена Иркутск,"ул. Желябова, 8А, Иркутск",https://ostrovok.ru/hotel/russia/irkutsk/mid8491921/arena_g_irkutsk,15,,,,,
69,unmatched_ostrovok,,,Байкальск,Отель Куршавель,"микрорайон Южный, 1-й квартал, д.6, Байкальск",51.505707,104.14502,15,hotel_kurshavel_,6456691,Отель Куршавель,"микрорайон Южный, 1-й квартал, д.6, Байкальск",https://ostrovok.ru/hotel/russia/irkutsk/mid6456691/hotel_kurshavel_,15,,,,,
70,unmatched_ostrovok,,,Листвянка,Отель Ундина,"Ulitsa Kulikova,6, Листвянка",51.856808,104.858025,30,gostinitsa_undina,9079103,Отель Ундина,"Ulitsa Kulikova,6, Листвянка",https://ostrovok.ru/hotel/russia/irkutsk/mid9079103/gostinitsa_undina,30,,,,,
71,unmatched_ostrovok,,,Иркутск,Меблированные комнаты City Park,"улица Красных Мадьяр, 29, Иркутск",52.273567,104.30006,,city_park_hotel_13,9987117,Меблированные комнаты City Park,"улица Красных Мадьяр, 29, Иркутск",https://ostrovok.ru/hotel/russia/irkutsk/mid9987117/city_park_hotel_13,,,,,,
72,unmatched_ostrovok,,,Хужир,Отель Хотэй,"Ольхонская улица, 10, Хужир",53.194584,107.36046,25,hotel_khotej,13330760,Отель Хотэй,"Ольхонская улица, 10, Хужир",https://ostrovok.ru/hotel/russia/irkutsk/mid13330760/hotel_khotej,25,,,,,
73,unmatched_ostrovok,,,Иркутск,Жилое помещение Союз,"проезд Юрия Тена, д.12/4, Иркутск",52.252377,104.256676,84,hotel_soyuz_2,8662950,Жилое помещение Союз,"проезд Юрия Тена, д.12/4, Иркутск",https://ostrovok.ru/hotel/russia/irkutsk/mid8662950/hotel_soyuz_2,84,,,,,
74,unmatched_ostrovok,,,Иркутск,Меблированные комнаты Дом Байкал,"улица Лапина, д. 14, Иркутск",52.27905,104.286156,15,dom_baykal_guest_house,10151922,Меблированные комнаты Дом Байкал,"улица Лапина, д. 14, Иркутск",https://ostrovok.ru/hotel/russia/irkutsk/mid10151922/dom_baykal_guest_house,15,,,,,
75,unmatched_ostrovok,,,Листвянка,Меблированные комнаты Байкал,"улица Горная, д. 8А, Листвянка",51.857647,104.859604,,baykal_guest_house_3,13308043,Меблированные комнаты Байкал,"улица Горная, д. 8А, Листвянка",https://ostrovok.ru/hotel/russia/irkutsk/mid13308043/baykal_guest_house_3,,,,,,
76,unmatched_ostrovok,,,Листвянка,Сердце Байкала,"улица Островского, 39, Листвянка",51.862244,104.869156,,miniotel_serdtse_baykala,11310800,Сердце Байкала,"улица Островского, 39, Листвянка",https://ostrovok.ru/hotel/russia/irkutsk/mid11310800/miniotel_serdtse_baykala,,,,,,
77,unmatched_ostrovok,,,Иркутск,Меблированные комнаты Montana,"улица Карла Либкнехта, д.6, Иркутск",52.28775,104.293526,9,montana_hostel,8746907,Меблированные комнаты Montana,"улица Карла Либкнехта, д.6, Иркутск",https://ostrovok.ru/hotel/russia/irkutsk/mid8746907/montana_hostel,9,,,,,
78,unmatched_ostrovok,,,Большое Голоустное,Меблированные комнаты Медведица,"улица Кирова,д. 132а, Большое Голоустное",52.02641,105.39498,,miniotel_medveditsa,10019685,Меблированные комнаты Медведица,"улица Кирова,д. 132а, Большое Голоустное",https://ostrovok.ru/hotel/russia/irkutsk/mid10019685/miniotel_medveditsa,,,,,,
79,unmatched_ostrovok,,,Хужир,Отель Гостиница ЛАДА,"улица Таёжная, д.30, Хужир",53.189693,107.34768,22,lada_8,8878913,Отель Гостиница ЛАДА,"улица Таёжная, д.30, Хужир",https://ostrovok.ru/hotel/russia/irkutsk/mid8878913/lada_8,22,,,,,
80,unmatched_ostrovok,,,Хужир,Загородный отель Шамбала,"ул Северная, з/у 12А, Хужир",53.19933,107.3538,10,nochleg_i_zavtrak_bb_shambala,10012287,Загородный отель Шамбала,"ул Северная, з/у 12А, Хужир",https://ostrovok.ru/hotel/russia/irkutsk/mid10012287/nochleg_i_zavtrak_bb_shambala,10,,,,,
81,unmatched_ostrovok,,,Листвянка,Отель Байкал Хан п.Листвянка,"рп. Листвянка, ул Гудина, д. 22а, Листвянка",51.846184,104.878456,18,baykal_khan_listvyanka,10360512,Отель Байкал Хан п.Листвянка,"рп. Листвянка, ул Гудина, д. 22а, Листвянка",https://ostrovok.ru/hotel/russia/irkutsk/mid10360512/baykal_khan_listvyanka,18,,,,,
82,unmatched_ostrovok,,,Хужир,Меблированные комнаты Баргузин,"улица Ворошилова, д.23А, Хужир",53.19983,107.35153,,hotel_barguzin,10012829,Меблированные комнаты Баргузин,"улица Ворошилова, д.23А, Хужир",https://ostrovok.ru/hotel/russia/irkutsk/mid10012829/hotel_barguzin,,,,,,
83,unmatched_ostrovok,,,Иркутск,Отель Централь,"переулок Богданова 8, Иркутск",52.286674,104.285194,48,otel_tsentral,8748836,Отель Централь,"переулок Богданова 8, Иркутск",https://ostrovok.ru/hotel/russia/irkutsk/mid8748836/otel_tsentral,48,,,,,
84,unmatched_ostrovok,,,Листвянка,Байкальские просторы,"улица Чапаева, д. 41, Листвянка",51.85426,104.8729,8,baikalskie_prostory,8476361,Байкальские просторы,"улица Чапаева, д. 41, Листвянка",https://ostrovok.ru/hotel/russia/irkutsk/mid8476361/baikalskie_prostory,8,,,,,
85,unmatched_ostrovok,,,Листвянка,Отель Легенда Байкала,"Улица Исток Ангары, д.11, Листвянка",51.87289,104.828636,35,legend_of_baikal,7776712,Отель Легенда Байкала,"Улица Исток Ангары, д.11, Листвянка",https://ostrovok.ru/hotel/russia/irkutsk/mid7776712/legend_of_baikal,35,,,,,
86,unmatched_ostrovok,,,Иркутск,Отель Baikal Archi Apt,"ул Некрасова, стр. 3а, помещ. 2, Иркутск",52.289085,104.28417,7,archi_apt_apartments,10211904,Отель Baikal Archi Apt,"ул Некрасова, стр. 3а, помещ. 2, Иркутск",https://ostrovok.ru/hotel/russia/irkutsk/mid10211904/archi_apt_apartments,7,,,,,
87,unmatched_ostrovok,,,Листвянка,Меблированные комнаты Лесс,"улица Куликова, д. 102а, Листвянка",51.86491,104.86681,,less_guest_house,11308288,Меблированные комнаты Лесс,"улица Куликова, д. 102а, Листвянка",https://ostrovok.ru/hotel/russia/irkutsk/mid11308288/less_guest_house,,,,,,
88,unmatched_ostrovok,,,Иркутск,Гостиница Визит,"ул Софьи Перовской, стр. 30, помещ. 4, Иркутск",52.28137,104.30118,8,mini_hotel_vizit,13384141,Гостиница Визит,"ул Софьи Перовской, стр. 30, помещ. 4, Иркутск",https://ostrovok.ru/hotel/russia/irkutsk/mid13384141/mini_hotel_vizit,8,,,,,
89,unmatched_ostrovok,,,Листвянка,Курортный отель Парус,"улица Горького, д.93А, Листвянка",51.846233,104.875244,17,parus_18,9996236,Курортный отель Парус,"улица Горького, д.93А, Листвянка",https://ostrovok.ru/hotel/russia/irkutsk/mid9996236/parus_18,17,,,,,
90,unmatched_ostrovok,,,Листвянка,Малиновка,"улица Суворова, д. 5а, Листвянка",51.864937,104.84327,,malinovka_3,9079016,Малиновка,"улица Суворова, д. 5а, Листвянка",https://ostrovok.ru/hotel/russia/irkutsk/mid9079016/malinovka_3,,,,,,
91,unmatched_ostrovok,,,Иркутск,Отель RODINA Grand Hotel & SPA Irkutsk 5*,"ул. Николая Гаврилова, стр. 2, Иркутск",52.290024,104.26961,79,hotel_rodina_grand_hotel_spa_irkutsk_5,11200427,Отель RODINA Grand Hotel & SPA Irkutsk 5*,"ул. Николая Гаврилова, стр. 2, Иркутск",https://ostrovok.ru/hotel/russia/irkutsk/mid11200427/hotel_rodina_grand_hotel_spa_irkutsk_5,79,,,,,
92,unmatched_ostrovok,,,Иркутск,Отель Иркутск Сити Лодж,"ул Байкальская, д. 124/3, Иркутск",52.262657,104.309784,4,irkutsk_city_lodge,7729360,Отель Иркутск Сити Лодж,"ул Байкальская, д. 124/3, Иркутск",https://ostrovok.ru/hotel/russia/irkutsk/mid7729360/irkutsk_city_lodge,4,,,,,
93,unmatched_ostrovok,,,Иркутск,Отель Веста,"улица Сурнова, д.30/1, Иркутск",52.31273,104.290436,27,vesta_hotel_3,10669982,Отель Веста,"улица Сурнова, д.30/1, Иркутск",https://ostrovok.ru/hotel/russia/irkutsk/mid10669982/vesta_hotel_3,27,,,,,
94,unmatched_ostrovok,,,Листвянка,Алания,"улица Суворова, д.5В, Листвянка",51.86549,104.84128,,alaniya,10003444,Алания,"улица Суворова, д.5В, Листвянка",https://ostrovok.ru/hotel/russia/irkutsk/mid10003444/alaniya,,,,,,
95,unmatched_ostrovok,,,Иркутск,Отель Рояль,"улица Декабрьских событий, д. 31, Иркутск",52.28928,104.29745,27,royal_hotel_33,6362904,Отель Рояль,"улица Декабрьских событий, д. 31, Иркутск",https://ostrovok.ru/hotel/russia/irkutsk/mid6362904/royal_hotel_33,27,,,,,
96,unmatched_ostrovok,,,Хужир,Конкордия,"улица Народная, д.15, поселок Хужир, Хужир",53.197468,107.35915,8,kalina_house_olkhon_baikal_guest_house,10608446,Конкордия,"улица Народная, д.15, поселок Хужир, Хужир",https://ostrovok.ru/hotel/russia/irkutsk/mid10608446/kalina_house_olkhon_baikal_guest_house,8,,,,,
97,unmatched_ostrovok,,,Байкальск,Парк-отель Белый Соболь,"мкрн. Красный Ключ, д.93, Байкальск",51.510708,104.119865,32,beliy_sobol_parkhotel,8571122,Парк-отель Белый Соболь,"мкрн. Красный Ключ, д.93, Байкальск",https://ostrovok.ru/hotel/russia/irkutsk/mid8571122/beliy_sobol_parkhotel,32,,,,,
98,unmatched_ostrovok,,,Иркутск,Отель В Сердце Иркутска,"Киевская улица, д.34А, Иркутск",52.27854,104.29063,6,v_samom_tsentre_irkutska_minihotel,10664878,Отель В Сердце Иркутска,"Киевская улица, д.34А, Иркутск",https://ostrovok.ru/hotel/russia/irkutsk/mid10664878/v_samom_tsentre_irkutska_minihotel,6,,,,,
99,unmatched_ostrovok,,,Листвянка,Гостиница Крестовая падь,"ул. Горная, 14-А, Листвянка",51.85812,104.86028,27,krestovaya_pad_hotel,7784565,Гостиница Крестовая падь,"ул. Горная, 14-А, Листвянка",https://ostrovok.ru/hotel/russia/irkutsk/mid7784565/krestovaya_pad_hotel,27,,,,,
100,unmatched_ostrovok,,,Бугульдейка,Байкал-кэмп,"Россия, Иркутская область,  Бугульдейка, ул. Пушкина, д. 15, Бугульдейка",52.537403,106.05819,,bajkalkemp,8742801,Байкал-кэмп,"Россия, Иркутская область,  Бугульдейка, ул. Пушкина, д. 15, Бугульдейка",https://ostrovok.ru/hotel/russia/irkutsk/mid8742801/bajkalkemp,,,,,,
101,unmatched_ostrovok,,,Иркутск,Отель Динамо,"улица Баррикад, д.42, Иркутск",52.290123,104.32051,39,hotel_gostinitsa_dinamo,10295894,Отель Динамо,"улица Баррикад, д.42, Иркутск",https://ostrovok.ru/hotel/russia/irkutsk/mid10295894/hotel_gostinitsa_dinamo,39,,,,,
102,unmatched_ostrovok,,,Листвянка,Меблированные комнаты Ёлочка,"улица Чапаева, д.8, Листвянка",51.851433,104.87036,6,yolochka,9992200,Меблированные комнаты Ёлочка,"улица Чапаева, д.8, Листвянка",https://ostrovok.ru/hotel/russia/irkutsk/mid9992200/yolochka,6,,,,,
103,unmatched_ostrovok,,,Листвянка,Отель Созвездие Байкала,"Улица Партизанская, д.14, Листвянка",51.843994,104.88747,22,hotel_sozvezdie_baikala,8666978,Отель Созвездие Байкала,"Улица Партизанская, д.14, Листвянка",https://ostrovok.ru/hotel/russia/irkutsk/mid8666978/hotel_sozvezdie_baikala,22,,,,,
104,unmatched_ostrovok,,,Листвянка,Меблированные комнаты БРИЗ,"улица Гудина,71, Листвянка",51.85018,104.88178,16,gostevoy_dom_briz_3,10622187,Меблированные комнаты БРИЗ,"улица Гудина,71, Листвянка",https://ostrovok.ru/hotel/russia/irkutsk/mid10622187/gostevoy_dom_briz_3,16,,,,,
105,unmatched_ostrovok,,,Листвянка,Байкал Шале,"улица Гудина, д.75, Листвянка",51.850624,104.8825,11,baykal_shale_guest_house,13431413,Байкал Шале,"улица Гудина, д.75, Листвянка",https://ostrovok.ru/hotel/russia/irkutsk/mid13431413/baykal_shale_guest_house,11,,,,,
106,unmatched_ostrovok,,,Байкальск,Baikal Best Edelweiss,"микрорайон Красный ключ, д.66, Байкальск",51.51682,104.12468,10,hotel_baikal_best_edelweiss,9991110,Baikal Best Edelweiss,"микрорайон Красный ключ, д.66, Байкальск",https://ostrovok.ru/hotel/russia/irkutsk/mid9991110/hotel_baikal_best_edelweiss,10,,,,,
107,unmatched_ostrovok,,,Иркутск,Грин Отель,"улица Лыткина, д. 32, Иркутск",52.267357,104.3167,22,green_hotel_,6518006,Грин Отель,"улица Лыткина, д. 32, Иркутск",https://ostrovok.ru/hotel/russia/irkutsk/mid6518006/green_hotel_,22,,,,,
108,unmatched_ostrovok,,,Листвянка,Байкал 51,"Иркутский муниципальный округ, Байкальский тракт, 51-й километр, 3, Листвянка",51.972614,104.704056,,private_house_uedinenny_dom_na_beregu_zhivopisnoy_zavodi,13380749,Байкал 51,"Иркутский муниципальный округ, Байкальский тракт, 51-й километр, 3, Листвянка",https://ostrovok.ru/hotel/russia/irkutsk/mid13380749/private_house_uedinenny_dom_na_beregu_zhivopisnoy_zavodi,,,,,,
109,unmatched_ostrovok,,,Тулун,Спорткомплекс Озерный Тулун на Карбышева 185,"улица Карбышева, д.185, Тулун",54.532337,100.64291,,ozerny_tulun_sports_complex_na_karbysheva_185_apartment,13430623,Спорткомплекс Озерный Тулун на Карбышева 185,"улица Карбышева, д.185, Тулун",https://ostrovok.ru/hotel/russia/irkutsk/mid13430623/ozerny_tulun_sports_complex_na_karbysheva_185_apartment,,,,,,
110,unmatched_ostrovok,,,Иркутск,Меблированные комнаты Брусника,"Улица Гоголя, д.61, Иркутск",52.272636,104.257965,3,brusinka,6327901,Меблированные комнаты Брусника,"Улица Гоголя, д.61, Иркутск",https://ostrovok.ru/hotel/russia/irkutsk/mid6327901/brusinka,3,,,,,
111,unmatched_ostrovok,,,Нижнеудинск,Отель УДА,"улица Ленина, д.1, Нижнеудинск",54.909504,99.03558,45,uda_2,8752619,Отель УДА,"улица Ленина, д.1, Нижнеудинск",https://ostrovok.ru/hotel/russia/irkutsk/mid8752619/uda_2,45,,,,,
112,unmatched_ostrovok,,,Жигалово,Отель  Ленатур,"улица Советская, д.26, Жигалово",54.812542,105.151405,8,lenatour,8752255,Отель  Ленатур,"улица Советская, д.26, Жигалово",https://ostrovok.ru/hotel/russia/irkutsk/mid8752255/lenatour,8,,,,,
113,unmatched_ostrovok,,,Хужир,Отель Отдых на Байкале,"улица Горького, 3А, Хужир",53.191357,107.33796,11,gostevoj_dom_otdyih_na_bajkale,10014826,Отель Отдых на Байкале,"улица Горького, 3А, Хужир",https://ostrovok.ru/hotel/russia/irkutsk/mid10014826/gostevoj_dom_otdyih_na_bajkale,11,,,,,
114,unmatched_ostrovok,,,Листвянка,Отель Dream of Baikal,"улица Горького, д.105, Листвянка",51.84519,104.87671,19,dream_of_baikal_hotel,6374723,Отель Dream of Baikal,"улица Горького, д.105, Листвянка",https://ostrovok.ru/hotel/russia/irkutsk/mid6374723/dream_of_baikal_hotel,19,,,,,
115,unmatched_ostrovok,,,Нижнеудинск,Отель Люкс,"улица Просвещения, д. 17, Нижнеудинск",54.919167,99.04945,15,lyuks_hotel_4,10613305,Отель Люкс,"улица Просвещения, д. 17, Нижнеудинск",https://ostrovok.ru/hotel/russia/irkutsk/mid10613305/lyuks_hotel_4,15,,,,,
116,unmatched_ostrovok,,,Иркутск,Отель Гостиница Академическая,"улица Лермонтова, д. 271А, Иркутск",52.248627,104.27087,48,gostinitsa_akademicheskaya,8438905,Отель Гостиница Академическая,"улица Лермонтова, д. 271А, Иркутск",https://ostrovok.ru/hotel/russia/irkutsk/mid8438905/gostinitsa_akademicheskaya,48,,,,,
117,unmatched_ostrovok,,,Иркутск,Гостиница Солнце,"улица Байкальская, д.295 Б, Иркутск",52.257305,104.359,58,gostinitsa_solntse,7818100,Гостиница Солнце,"улица Байкальская, д.295 Б, Иркутск",https://ostrovok.ru/hotel/russia/irkutsk/mid7818100/gostinitsa_solntse,58,,,,,
118,unmatched_ostrovok,,,Братск,Отель Три Кита,"Депутатская улица, д. 3а, Братск",56.149746,101.628746,10,tri_kita_2,9824733,Отель Три Кита,"Депутатская улица, д. 3а, Братск",https://ostrovok.ru/hotel/russia/irkutsk/mid9824733/tri_kita_2,10,,,,,
119,unmatched_ostrovok,,,Братск,Гостиница Восточная,"улица Железнодорожная, 1, Братск",56.2749,101.89161,26,vostochnaia,8682955,Гостиница Восточная,"улица Железнодорожная, 1, Братск",https://ostrovok.ru/hotel/russia/irkutsk/mid8682955/vostochnaia,26,,,,,
120,unmatched_ostrovok,,,Листвянка,Отель Натали,"улица Чапаева, д.91, Листвянка",51.862007,104.87847,12,hotel_nataly_2,7776564,Отель Натали,"улица Чапаева, д.91, Листвянка",https://ostrovok.ru/hotel/russia/irkutsk/mid7776564/hotel_nataly_2,12,,,,,
121,unmatched_ostrovok,,,Хужир,У Лукоморья,"посёлок Хужир,Песчаная улица, д.5, Хужир",53.18991,107.33197,,u_lukomorya_4,10009441,У Лукоморья,"посёлок Хужир,Песчаная улица, д.5, Хужир",https://ostrovok.ru/hotel/russia/irkutsk/mid10009441/u_lukomorya_4,,,,,,
122,unmatched_ostrovok,,,Хужир,Меблированные комнаты Аура,"Иркутская улица, д.23, Хужир",53.178825,107.312294,,aura_living_quarters,13743326,Меблированные комнаты Аура,"Иркутская улица, д.23, Хужир",https://ostrovok.ru/hotel/russia/irkutsk/mid13743326/aura_living_quarters,,,,,,
123,unmatched_ostrovok,,,Хужир,Olkhon Family House,"улица Рабочая, д.2, Хужир",53.192245,107.33733,,olkhon_house_guest_family_house,11278129,Olkhon Family House,"улица Рабочая, д.2, Хужир",https://ostrovok.ru/hotel/russia/irkutsk/mid11278129/olkhon_house_guest_family_house,,,,,,
124,unmatched_ostrovok,,,Никола,Отель ГК Анастасия,"улица Ангарская, 8/2, Никола",51.891804,104.825165,26,hotel_anastasiya_2,13164685,Отель ГК Анастасия,"улица Ангарская, 8/2, Никола",https://ostrovok.ru/hotel/russia/irkutsk/mid13164685/hotel_anastasiya_2,26,,,,,
125,unmatched_ostrovok,,,Ангарск,Отель Меридиан,"26 квартал, дом 10, Ангарск",52.55192,103.87882,33,meridian_7,6297237,Отель Меридиан,"26 квартал, дом 10, Ангарск",https://ostrovok.ru/hotel/russia/irkutsk/mid6297237/meridian_7,33,,,,,
126,unmatched_ostrovok,,,Ангарск,Олимпиада,"ул. Чайковского, д.48, Ангарск",52.530827,103.87794,29,hotel_olimpiada,10440808,Олимпиада,"ул. Чайковского, д.48, Ангарск",https://ostrovok.ru/hotel/russia/irkutsk/mid10440808/hotel_olimpiada,29,,,,,
127,unmatched_ostrovok,,,Хужир,Отель Звезда Кочевника,"Пляжная улица, д.20, Хужир",53.198273,107.35982,,zvezda_kochevnika,6761987,Отель Звезда Кочевника,"Пляжная улица, д.20, Хужир",https://ostrovok.ru/hotel/russia/irkutsk/mid6761987/zvezda_kochevnika,,,,,,
128,unmatched_ostrovok,,,Иркутск,Отель Smart Hotel Иркутск,"улица Челнокова, д.1, Иркутск",52.284367,104.25831,7,smart_hotel_kdo_irkutsk_hotel,10153381,Отель Smart Hotel Иркутск,"улица Челнокова, д.1, Иркутск",https://ostrovok.ru/hotel/russia/irkutsk/mid10153381/smart_hotel_kdo_irkutsk_hotel,7,,,,,
129,unmatched_ostrovok,,,Хужир,Forest Home,"улица Мира, 14, Хужир",53.18926,107.33499,,gostevoy_dom_forest_home,13345410,Forest Home,"улица Мира, 14, Хужир",https://ostrovok.ru/hotel/russia/irkutsk/mid13345410/gostevoy_dom_forest_home,,,,,,
130,unmatched_ostrovok,,,Никола,Отель Флагман,"поселок Никола, улица Нагорная, д.41, Никола",51.89642,104.82946,10,flagman_hotel,7725500,Отель Флагман,"поселок Никола, улица Нагорная, д.41, Никола",https://ostrovok.ru/hotel/russia/irkutsk/mid7725500/flagman_hotel,10,,,,,
131,unmatched_ostrovok,,,Ангарск,Отель ПушкинЪ,"улица Мира, д. 18, Ангарск",52.5455,103.89485,23,hotel_pushkin_2,6932873,Отель ПушкинЪ,"улица Мира, д. 18, Ангарск",https://ostrovok.ru/hotel/russia/irkutsk/mid6932873/hotel_pushkin_2,23,,,,,
132,unmatched_ostrovok,,,Большое Голоустное,Momant house,"улица Харануты, д. 19В, Большое Голоустное",52.044266,105.41265,,momant_house_recreation_camp,13350897,Momant house,"улица Харануты, д. 19В, Большое Голоустное",https://ostrovok.ru/hotel/russia/irkutsk/mid13350897/momant_house_recreation_camp,,,,,,
133,unmatched_ostrovok,,,Молодёжный,Отель Пекин,"п. Молодежный, улица Кузнецовой, д.11, Молодёжный",52.25048,104.40946,86,pekin_hotel,13730320,Отель Пекин,"п. Молодежный, улица Кузнецовой, д.11, Молодёжный",https://ostrovok.ru/hotel/russia/irkutsk/mid13730320/pekin_hotel,86,,,,,
134,unmatched_ostrovok,,,Хужир,Арт-отель Порт Ольхон,"ул. Байкальская, 2, Хужир",53.193142,107.332,65,artrezidentsiya_port_olhon,10004854,Арт-отель Порт Ольхон,"ул. Байкальская, 2, Хужир",https://ostrovok.ru/hotel/russia/irkutsk/mid10004854/artrezidentsiya_port_olhon,65,,,,,
135,unmatched_ostrovok,,,Слюдянка,"Отель ""Тихая Гавань""","улица 40 лет Октября, 56, Слюдянка",51.65654,103.72979,12,tikhaya_gavan_4,9989818,"Отель ""Тихая Гавань""","улица 40 лет Октября, 56, Слюдянка",https://ostrovok.ru/hotel/russia/irkutsk/mid9989818/tikhaya_gavan_4,12,,,,,
136,unmatched_ostrovok,,,Иркутск,Гостиница на Волжской,"ул. Волжская, д. 14А, Иркутск",52.26392,104.31354,30,the_hotel_on_volzhskaya,11311377,Гостиница на Волжской,"ул. Волжская, д. 14А, Иркутск",https://ostrovok.ru/hotel/russia/irkutsk/mid11311377/the_hotel_on_volzhskaya,30,,,,,
137,unmatched_ostrovok,,,Иркутск,Юпитер,"Россия, Иркутская область, Иркутск, ул. Шевцова, д. 35, Иркутск",52.309612,104.30718,23,yupiter,9987415,Юпитер,"Россия, Иркутская область, Иркутск, ул. Шевцова, д. 35, Иркутск",https://ostrovok.ru/hotel/russia/irkutsk/mid9987415/yupiter,23,,,,,
138,unmatched_ostrovok,,,Братск,Отель ШВЕДКА,"ул. Мира, д. 25, Братск, Братск",56.15268,101.619514,29,hotel_shvedka,13259783,Отель ШВЕДКА,"ул. Мира, д. 25, Братск, Братск",https://ostrovok.ru/hotel/russia/irkutsk/mid13259783/hotel_shvedka,29,,,,,
139,unmatched_ostrovok,,,Листвянка,Гостевой дом Мелодия Байкала,"Листвянское муниципальное образование, посёлок Никола, Листвянка",51.90274,104.832985,,gostevoy_dom_melodiya_baykala,10462241,Гостевой дом Мелодия Байкала,"Листвянское муниципальное образование, посёлок Никола, Листвянка",https://ostrovok.ru/hotel/russia/irkutsk/mid10462241/gostevoy_dom_melodiya_baykala,,,,,,
140,unmatched_ostrovok,,,Утулик,Меблированные комнаты Шишки,"п. Утулик, ул. Ленская, д.17, Утулик",51.54238,104.07462,,hotel_shishki,13113638,Меблированные комнаты Шишки,"п. Утулик, ул. Ленская, д.17, Утулик",https://ostrovok.ru/hotel/russia/irkutsk/mid13113638/hotel_shishki,,,,,,
141,unmatched_ostrovok,,,Иркутск,Отель HISTORY Бутик-отель и СПА,"улица 3 Июля, д.26, Иркутск",52.27124,104.29095,40,history_boutiquehotel,9741097,Отель HISTORY Бутик-отель и СПА,"улица 3 Июля, д.26, Иркутск",https://ostrovok.ru/hotel/russia/irkutsk/mid9741097/history_boutiquehotel,40,,,,,
142,unmatched_ostrovok,,,Шелехов,Отель Катанца,"Центральный проспект, д.7, Шелехов",52.205254,104.07976,19,katantsa_hotel,13328659,Отель Катанца,"Центральный проспект, д.7, Шелехов",https://ostrovok.ru/hotel/russia/irkutsk/mid13328659/katantsa_hotel,19,,,,,
143,unmatched_ostrovok,,,Иркутск,Гостиница Комфорт,"улица Трилиссера, д.57 помещ.1, Иркутск",52.273643,104.30933,12,modul,8585836,Гостиница Комфорт,"улица Трилиссера, д.57 помещ.1, Иркутск",https://ostrovok.ru/hotel/russia/irkutsk/mid8585836/modul,12,,,,,
144,unmatched_ostrovok,,,Байкальск,Гостевой дом Chilla_villa_baikal,"1-я Байкальская улица, 26, Байкальск",51.522186,104.12453,,gostevoy_dom_chilla_villa_baikal,10373429,Гостевой дом Chilla_villa_baikal,"1-я Байкальская улица, 26, Байкальск",https://ostrovok.ru/hotel/russia/irkutsk/mid10373429/gostevoy_dom_chilla_villa_baikal,,,,,,
145,unmatched_ostrovok,,,Железногорск-Илимский,Отель Магнетит,"Квартал, 2, д. 72, Железногорск-Илимский",56.57731,104.12121,55,magnetit,8825582,Отель Магнетит,"Квартал, 2, д. 72, Железногорск-Илимский",https://ostrovok.ru/hotel/russia/irkutsk/mid8825582/magnetit,55,,,,,
146,unmatched_ostrovok,,,Саянск,Отель Прасковья,"микрорайон Юбилейный, д.13, Саянск",54.109844,102.16342,12,praskovya_guest_house,9999816,Отель Прасковья,"микрорайон Юбилейный, д.13, Саянск",https://ostrovok.ru/hotel/russia/irkutsk/mid9999816/praskovya_guest_house,12,,,,,
147,unmatched_ostrovok,,,Листвянка,Отель Парк Байкальские сезоны,"Иркутская Область, м.р-н Иркутский, г.п. Листвянское, п Ангарские Хутора, ул Прибрежная, зд. 5а, Листвянка",51.9078,104.81043,22,bajkalskie_sezonyi,9992857,Отель Парк Байкальские сезоны,"Иркутская Область, м.р-н Иркутский, г.п. Листвянское, п Ангарские Хутора, ул Прибрежная, зд. 5а, Листвянка",https://ostrovok.ru/hotel/russia/irkutsk/mid9992857/bajkalskie_sezonyi,22,,,,,
148,unmatched_ostrovok,,,Байкальск,Отель Маргобай,"мкр. Строитель, пер. Берёзовый, д. 9, Байкальск",51.524414,104.13655,14,gostevoi_dom_margobai,8735570,Отель Маргобай,"мкр. Строитель, пер. Берёзовый, д. 9, Байкальск",https://ostrovok.ru/hotel/russia/irkutsk/mid8735570/gostevoi_dom_margobai,14,,,,,
149,unmatched_ostrovok,,,Листвянка,Гостиница Прибайкальская,"62 км. Байкальского Тракта, Листвянка",52.039165,105.01182,87,pribaikalskaya_hotel,10457093,Гостиница Прибайкальская,"62 км. Байкальского Тракта, Листвянка",https://ostrovok.ru/hotel/russia/irkutsk/mid10457093/pribaikalskaya_hotel,87,,,,,
150,unmatched_ostrovok,,,Усть-Кут,Отель Глория,"ул Л.Толстого, д. 36, Усть-Кут",56.801003,105.7855,14,gloria_20,8854283,Отель Глория,"ул Л.Толстого, д. 36, Усть-Кут",https://ostrovok.ru/hotel/russia/irkutsk/mid8854283/gloria_20,14,,,,,
151,unmatched_ostrovok,,,Иркутск,Сатурн,"Россия, 664002, Иркутская область, Иркутск, ул. Красный путь, д. 77, Иркутск",52.343086,104.21406,23,saturn_8,9291161,Сатурн,"Россия, 664002, Иркутская область, Иркутск, ул. Красный путь, д. 77, Иркутск",https://ostrovok.ru/hotel/russia/irkutsk/mid9291161/saturn_8,23,,,,,
152,unmatched_ostrovok,,,Култук,Trakstop 38,"Komsomol'skaja 23/3, Култук",51.713367,103.688156,11,trakstop_38_2,10669986,Trakstop 38,"Komsomol'skaja 23/3, Култук",https://ostrovok.ru/hotel/russia/irkutsk/mid10669986/trakstop_38_2,11,,,,,
153,unmatched_ostrovok,,,Куркут,Отель Мир Байкала,"село Сахюрта, бухта Базарная, Куркут",53.024845,106.85937,29,mir_baykala_hotel,10219071,Отель Мир Байкала,"село Сахюрта, бухта Базарная, Куркут",https://ostrovok.ru/hotel/russia/irkutsk/mid10219071/mir_baykala_hotel,29,,,,,
154,unmatched_ostrovok,,,Иркутск,Планета,"ул. Розы Люксембург, 144, Иркутск",52.345352,104.188034,33,planeta_9,8850641,Планета,"ул. Розы Люксембург, 144, Иркутск",https://ostrovok.ru/hotel/russia/irkutsk/mid8850641/planeta_9,33,,,,,
155,unmatched_ostrovok,,,Иркутск,Байкал Капсул (Байкальская капсула),"Россия, Иркутская область, Иркутск, ул. Трилиссера, д. 141в, Иркутск",52.276245,104.333824,,baikal_capsule_hostel,8881125,Байкал Капсул (Байкальская капсула),"Россия, Иркутская область, Иркутск, ул. Трилиссера, д. 141в, Иркутск",https://ostrovok.ru/hotel/russia/irkutsk/mid8881125/baikal_capsule_hostel,,,,,,
156,unmatched_ostrovok,,,Иркутск,Витим,"Россия, Иркутская область, Иркутск, ул. Терешковой, д. 2а, Иркутск",52.282036,104.25886,,vitim,9291159,Витим,"Россия, Иркутская область, Иркутск, ул. Терешковой, д. 2а, Иркутск",https://ostrovok.ru/hotel/russia/irkutsk/mid9291159/vitim,,,,,,
157,unmatched_ostrovok,,,Усть-ордынский,Отель Метелица,"Иркутская обл, Усть-Ордынский, 68-км автотрассы Иркутск-Качуг, Усть-ордынский",52.818523,104.80036,5,metelitsa_6,9211770,Отель Метелица,"Иркутская обл, Усть-Ордынский, 68-км автотрассы Иркутск-Качуг, Усть-ордынский",https://ostrovok.ru/hotel/russia/irkutsk/mid9211770/metelitsa_6,5,,,,,
158,unmatched_ostrovok,,,Иркутск,Апартаменты Home Hotel (Хоум Хотел) на улице Пискунова,"ул. Пискунова, 142/5, Иркутск",52.27141,104.336876,,home_hotel_apartments_home_wanted_on_piskunov_street,11232250,Апартаменты Home Hotel (Хоум Хотел) на улице Пискунова,"ул. Пискунова, 142/5, Иркутск",https://ostrovok.ru/hotel/russia/irkutsk/mid11232250/home_hotel_apartments_home_wanted_on_piskunov_street,,,,,,
159,unmatched_ostrovok,,,Бугульдейка,Гостевой дом ISIGER BAIKAL,"Байкальская ул. 18, Бугульдейка",52.535374,106.0579,,gostevoy_dom_isiger_baikal,11254237,Гостевой дом ISIGER BAIKAL,"Байкальская ул. 18, Бугульдейка",https://ostrovok.ru/hotel/russia/irkutsk/mid11254237/gostevoy_dom_isiger_baikal,,,,,,
160,unmatched_ostrovok,,,Куркут,"Мандархан, о.Байкал","Иркутская область, Ольхонский район, Шара-Тоготское муниципальное  образование, д. Куркут, территория местность Мандархан, Куркут",53.03756,106.82874,,gostevoy_dom_mandarkhan_obaykal,11306441,"Мандархан, о.Байкал","Иркутская область, Ольхонский район, Шара-Тоготское муниципальное  образование, д. Куркут, территория местность Мандархан, Куркут",https://ostrovok.ru/hotel/russia/irkutsk/mid11306441/gostevoy_dom_mandarkhan_obaykal,,,,,,
161,unmatched_ostrovok,,,Бурдугуз,Hygge Barn,"Нижняя набережная 5, Бурдугуз",52.04798,104.602806,,glemping_hygge_barn,11337901,Hygge Barn,"Нижняя набережная 5, Бурдугуз",https://ostrovok.ru/hotel/russia/irkutsk/mid11337901/glemping_hygge_barn,,,,,,
162,unmatched_ostrovok,,,Солзан,Меблированные комнаты на Горной Улице 7Б,"улица Горная, д. 7Б, Солзан",51.496643,104.21872,,na_gornoy_ulitse_5_private_house,13123803,Меблированные комнаты на Горной Улице 7Б,"улица Горная, д. 7Б, Солзан",https://ostrovok.ru/hotel/russia/irkutsk/mid13123803/na_gornoy_ulitse_5_private_house,,,,,,
163,unmatched_ostrovok,,,Железногорск-Илимский,Отель Изумруд,"7-й квартал, д.20, Железногорск-Илимский",56.58639,104.12119,9,izumrud_hotel_7,13287135,Отель Изумруд,"7-й квартал, д.20, Железногорск-Илимский",https://ostrovok.ru/hotel/russia/irkutsk/mid13287135/izumrud_hotel_7,9,,,,,
164,unmatched_ostrovok,,,Большое Голоустное,Для компании,"улица Кирова, д.2Б, Большое Голоустное",52.04681,105.40883,,dlya_kompanii_guest_house,13288614,Для компании,"улица Кирова, д.2Б, Большое Голоустное",https://ostrovok.ru/hotel/russia/irkutsk/mid13288614/dlya_kompanii_guest_house,,,,,,
165,unmatched_ostrovok,,,Железногорск-Илимский,Отель Комильфо,"улица Иващенко, д.20, Железногорск-Илимский",56.581577,104.13028,12,komilfo_2,9768630,Отель Комильфо,"улица Иващенко, д.20, Железногорск-Илимский",https://ostrovok.ru/hotel/russia/irkutsk/mid9768630/komilfo_2,12,,,,,
166,unmatched_ostrovok,,,Большая Речка,Loft House 38,"51.947037, 104.753515, Большая Речка",51.947037,104.75352,,loft_house_38_guest_house,13330745,Loft House 38,"51.947037, 104.753515, Большая Речка",https://ostrovok.ru/hotel/russia/irkutsk/mid13330745/loft_house_38_guest_house,,,,,,
167,unmatched_ostrovok,,,Иркутск,Гостиница Альбатрос,"улица Ширямова, стр.15б/1, Иркутск",52.261833,104.35391,12,minihotel_albatros,6481029,Гостиница Альбатрос,"улица Ширямова, стр.15б/1, Иркутск",https://ostrovok.ru/hotel/russia/irkutsk/mid6481029/minihotel_albatros,12,,,,,
168,unmatched_ostrovok,,,Иркутск,Отель Маркс,"улица Карла Маркса, д.15 А, Иркутск",52.282627,104.28479,26,marx_hotel,8662194,Отель Маркс,"улица Карла Маркса, д.15 А, Иркутск",https://ostrovok.ru/hotel/russia/irkutsk/mid8662194/marx_hotel,26,,,,,
169,unmatched_ostrovok,,,Братск,Отель Taiga,"улица Мира, дом 35, Братск",56.15637,101.621925,101,taiga_2,6923154,Отель Taiga,"улица Мира, дом 35, Братск",https://ostrovok.ru/hotel/russia/irkutsk/mid6923154/taiga_2,101,,,,,
170,unmatched_ostrovok,,,Хужир,Отель Флагман Ольхона,"улица Молодёжная, д.1, Хужир",53.19252,107.35624,15,hotel_flagman_olkhona,10019347,Отель Флагман Ольхона,"улица Молодёжная, д.1, Хужир",https://ostrovok.ru/hotel/russia/irkutsk/mid10019347/hotel_flagman_olkhona,15,,,,,
171,unmatched_ostrovok,,,Иркутск,Гостиница Riverside,"улица Байкальская, д.234 В/7, Иркутск",52.25251,104.32453,8,riderside,8754956,Гостиница Riverside,"улица Байкальская, д.234 В/7, Иркутск",https://ostrovok.ru/hotel/russia/irkutsk/mid8754956/riderside,8,,,,,
172,unmatched_ostrovok,,,Тулун,Спорткомплекс Озерный Тулун,"улица Карбышева, д.185, Тулун",54.532337,100.64291,,sportkompleks_ozerny_tulun_hotel,13285605,Спорткомплекс Озерный Тулун,"улица Карбышева, д.185, Тулун",https://ostrovok.ru/hotel/russia/irkutsk/mid13285605/sportkompleks_ozerny_tulun_hotel,,,,,,
173,unmatched_ostrovok,,,Братск,Времена Года,"Улица Подбельского 12, Братск",56.15242,101.614845,24,guest_house_vremena_goda,6511529,Времена Года,"Улица Подбельского 12, Братск",https://ostrovok.ru/hotel/russia/irkutsk/mid6511529/guest_house_vremena_goda,24,,,,,
174,unmatched_ostrovok,,,Братск,Отель Луна,"Комсомольская улица, д. 65А, Братск",56.163895,101.61804,22,luna_hotel_9,9752435,Отель Луна,"Комсомольская улица, д. 65А, Братск",https://ostrovok.ru/hotel/russia/irkutsk/mid9752435/luna_hotel_9,22,,,,,
175,unmatched_ostrovok,,,Усть-Кут,Отель Флагман,"Россия, Иркутская область, Усть-Кут, ул. Калинина, д. 8, Усть-Кут",56.779224,105.74704,13,flagman_hotel_4,9081483,Отель Флагман,"Россия, Иркутская область, Усть-Кут, ул. Калинина, д. 8, Усть-Кут",https://ostrovok.ru/hotel/russia/irkutsk/mid9081483/flagman_hotel_4,13,,,,,
176,unmatched_ostrovok,,,Большое Голоустное,Меблированные комнаты в Русском Стиле,"улица Кирова, д.2Б, Большое Голоустное",52.04681,105.40883,,v_russkom_stile_guest_house,13288615,Меблированные комнаты в Русском Стиле,"улица Кирова, д.2Б, Большое Голоустное",https://ostrovok.ru/hotel/russia/irkutsk/mid13288615/v_russkom_stile_guest_house,,,,,,
177,unmatched_ostrovok,,,Солзан,Барнхаус,"улица Восточная, д.4Б, Солзан",51.498707,104.21468,,barnkhaus_guest_house_4,13320876,Барнхаус,"улица Восточная, д.4Б, Солзан",https://ostrovok.ru/hotel/russia/irkutsk/mid13320876/barnkhaus_guest_house_4,,,,,,
178,unmatched_ostrovok,,,Иркутск,Отель Harat's inn,"ул Дальневосточная, д. 158/6, Иркутск",52.253967,104.32385,12,hotel_harats_inn,13752679,Отель Harat's inn,"ул Дальневосточная, д. 158/6, Иркутск",https://ostrovok.ru/hotel/russia/irkutsk/mid13752679/hotel_harats_inn,12,,,,,
179,unmatched_ostrovok,,,Листвянка,Отель Ларус,"улица Октябрьская, дом 8, Листвянка",51.87526,104.83128,14,larus,9828888,Отель Ларус,"улица Октябрьская, дом 8, Листвянка",https://ostrovok.ru/hotel/russia/irkutsk/mid9828888/larus,14,,,,,
180,unmatched_ostrovok,,,Иркутск,Отель Воздушная Гавань,"улица Ширямова, д.6, Иркутск",52.274734,104.35391,140,vozdushnaya_gavan,8059310,Отель Воздушная Гавань,"улица Ширямова, д.6, Иркутск",https://ostrovok.ru/hotel/russia/irkutsk/mid8059310/vozdushnaya_gavan,140,,,,,
181,unmatched_ostrovok,,,Листвянка,Небо Байкала,"улица Горького, д.133/2, Листвянка",51.842533,104.88071,,nebo_baykala_guest_house,10006764,Небо Байкала,"улица Горького, д.133/2, Листвянка",https://ostrovok.ru/hotel/russia/irkutsk/mid10006764/nebo_baykala_guest_house,,,,,,
182,unmatched_ostrovok,,,Иркутск,Cолнечный,"село Пивовариха, поселок Солнечный, улица Лунная, д.19, Иркутск",52.25676,104.365944,,solnechny_guest_house_7,13112614,Cолнечный,"село Пивовариха, поселок Солнечный, улица Лунная, д.19, Иркутск",https://ostrovok.ru/hotel/russia/irkutsk/mid13112614/solnechny_guest_house_7,,,,,,
183,unmatched_ostrovok,,,Листвянка,Меблированные комнаты Домик на холме,"улица Суворова, д.19, Листвянка",51.86662,104.84517,,domik_na_kholme_guest_house,13329776,Меблированные комнаты Домик на холме,"улица Суворова, д.19, Листвянка",https://ostrovok.ru/hotel/russia/irkutsk/mid13329776/domik_na_kholme_guest_house,,,,,,
184,unmatched_ostrovok,,,Мангутай,Отель Сибирская резиденция Лёд Байкала,"Слюдянский район, пос.Мангутай, ул. Байкальская, 1В, Мангутай",51.60353,103.91852,,hotelclub_ice,9679208,Отель Сибирская резиденция Лёд Байкала,"Слюдянский район, пос.Мангутай, ул. Байкальская, 1В, Мангутай",https://ostrovok.ru/hotel/russia/irkutsk/mid9679208/hotelclub_ice,,,,,,
185,unmatched_ostrovok,,,Иркутск,Диво Байкала 1,"улица 4-я Железнодорожная, д.57, Иркутск",52.279198,104.2479,,divobaykala_flat_1,13373670,Диво Байкала 1,"улица 4-я Железнодорожная, д.57, Иркутск",https://ostrovok.ru/hotel/russia/irkutsk/mid13373670/divobaykala_flat_1,,,,,,
186,unmatched_ostrovok,,,Большое Голоустное,Wind Lake,"2-я Рейдовая улица, д.12, Большое Голоустное",52.027744,105.404976,,wind_lake_guest_house,13437748,Wind Lake,"2-я Рейдовая улица, д.12, Большое Голоустное",https://ostrovok.ru/hotel/russia/irkutsk/mid13437748/wind_lake_guest_house,,,,,,
187,unmatched_ostrovok,,,Большое Голоустное,"Парк-отель ""Азатай""","Подкамень местечко, 1, Большое Голоустное",52.061794,105.47054,,azatai_park_hotel,13757053,"Парк-отель ""Азатай""","Подкамень местечко, 1, Большое Голоустное",https://ostrovok.ru/hotel/russia/irkutsk/mid13757053/azatai_park_hotel,,,,,,
188,unmatched_ostrovok,,,Кузнецовка,Сибирь,"Россия, Иркутская область, Жигалово, ул. Калинка, д. 1, Кузнецовка",54.7979,105.22698,,siberia_9,13369836,Сибирь,"Россия, Иркутская область, Жигалово, ул. Калинка, д. 1, Кузнецовка",https://ostrovok.ru/hotel/russia/irkutsk/mid13369836/siberia_9,,,,,,
189,unmatched_ostrovok,,,Хужир,Хоромы,"Северная улица, д. 5/1, Хужир",53.196445,107.35554,,khoromy_recreation_camp,13284761,Хоромы,"Северная улица, д. 5/1, Хужир",https://ostrovok.ru/hotel/russia/irkutsk/mid13284761/khoromy_recreation_camp,,,,,,
190,unmatched_ostrovok,,,Хужир,Викинг Хаус,"Северная улица, 5а/1, Хужир",53.196445,107.35554,,apartments_viking_khaus,13097492,Викинг Хаус,"Северная улица, 5а/1, Хужир",https://ostrovok.ru/hotel/russia/irkutsk/mid13097492/apartments_viking_khaus,,,,,,
191,unmatched_ostrovok,,,Хужир,Гостиница Star of Baikal,"пер. Горный 2, Хужир",53.195583,107.335785,12,hotel_star_of_baiakal,9999279,Гостиница Star of Baikal,"пер. Горный 2, Хужир",https://ostrovok.ru/hotel/russia/irkutsk/mid9999279/hotel_star_of_baiakal,12,,,,,
192,unmatched_ostrovok,,,Новоснежная,Вилладж Хвоя,"улица Ленина, дом 75, Новоснежная",51.4684,104.623375,,baza_otdykha_village_hvoy,11339142,Вилладж Хвоя,"улица Ленина, дом 75, Новоснежная",https://ostrovok.ru/hotel/russia/irkutsk/mid11339142/baza_otdykha_village_hvoy,,,,,,
193,unmatched_ostrovok,,,Утулик,БайкКалина,"улица Озёрная, д.8, Утулик",51.551033,104.059654,,baykkalina_guest_house,10011069,БайкКалина,"улица Озёрная, д.8, Утулик",https://ostrovok.ru/hotel/russia/irkutsk/mid10011069/baykkalina_guest_house,,,,,,
194,unmatched_ostrovok,,,Усть-ордынский,Отель Макси,"улица Аптечная, д. 1Б, Усть-ордынский",52.793945,104.727554,2,maksi_hotel,13793223,Отель Макси,"улица Аптечная, д. 1Б, Усть-ордынский",https://ostrovok.ru/hotel/russia/irkutsk/mid13793223/maksi_hotel,2,,,,,
195,unmatched_ostrovok,,,Иркутск,Спектр,"Россия, Иркутская область, Иркутск, ул. Рабочего Штаба, д. 97/1, Иркутск",52.32121,104.30218,14,spektr_2,8854293,Спектр,"Россия, Иркутская область, Иркутск, ул. Рабочего Штаба, д. 97/1, Иркутск",https://ostrovok.ru/hotel/russia/irkutsk/mid8854293/spektr_2,14,,,,,
196,unmatched_ostrovok,,,Иркутск,Отель на Перроне,"ул Терешковой, стр. 6, помещ. 1, Иркутск",52.281338,104.25831,25,magas,6839053,Отель на Перроне,"ул Терешковой, стр. 6, помещ. 1, Иркутск",https://ostrovok.ru/hotel/russia/irkutsk/mid6839053/magas,25,,,,,
197,unmatched_ostrovok,,,Хужир,Частный Дом На Песках,"улица 60 лет Победы, д.3, Хужир",53.190277,107.33292,,chastny_dom_na_peskakh_guest_house,13430917,Частный Дом На Песках,"улица 60 лет Победы, д.3, Хужир",https://ostrovok.ru/hotel/russia/irkutsk/mid13430917/chastny_dom_na_peskakh_guest_house,,,,,,
198,unmatched_ostrovok,,,Иркутск,Резиденции Rodina Irkutsk,"улица Цесовская Набережная, 8, Иркутск",52.28924,104.26912,,rezidentsii_rodina_irkutsk,13678434,Резиденции Rodina Irkutsk,"улица Цесовская Набережная, 8, Иркутск",https://ostrovok.ru/hotel/russia/irkutsk/mid13678434/rezidentsii_rodina_irkutsk,,,,,,
199,unmatched_ostrovok,,,Иркутск,Отель Светлый,"Иркутская Область, с Пивовариха, мкр. Светлый, ул Первая, зд. 2а, Иркутск",52.260536,104.361946,6,svetly_aparthotel,10360693,Отель Светлый,"Иркутская Область, с Пивовариха, мкр. Светлый, ул Первая, зд. 2а, Иркутск",https://ostrovok.ru/hotel/russia/irkutsk/mid10360693/svetly_aparthotel,6,,,,,
200,unmatched_ostrovok,,,Листвянка,Небо Байкала,"улица Горького, д.133/2, Листвянка",51.842533,104.88071,,the_sky_of_lake_baikal,13459275,Небо Байкала,"улица Горького, д.133/2, Листвянка",https://ostrovok.ru/hotel/russia/irkutsk/mid13459275/the_sky_of_lake_baikal,,,,,,
201,unmatched_ostrovok,,,Куркут,База отдыха ГЭСЭР,"Ольховский район, Сахюрта, Куркут",53.025204,106.86003,15,geser_recreation_center,9986958,База отдыха ГЭСЭР,"Ольховский район, Сахюрта, Куркут",https://ostrovok.ru/hotel/russia/irkutsk/mid9986958/geser_recreation_center,15,,,,,
202,unmatched_ostrovok,,,Слюдянка,Гостиница Легенды Байкала,"ул Фрунзе, зд. 8, помещ. 2, Слюдянка",51.6726,103.68329,18,legendy_baykala,13868556,Гостиница Легенды Байкала,"ул Фрунзе, зд. 8, помещ. 2, Слюдянка",https://ostrovok.ru/hotel/russia/irkutsk/mid13868556/legendy_baykala,18,,,,,
203,unmatched_ostrovok,,,Ушаковское,Отель Елочка,"Иркутский р-он, 21 км Байкальского тракта, Ушаковское",52.176395,104.49215,,camping_yelochka_kempinghotel,13868693,Отель Елочка,"Иркутский р-он, 21 км Байкальского тракта, Ушаковское",https://ostrovok.ru/hotel/russia/irkutsk/mid13868693/camping_yelochka_kempinghotel,,,,,,
204,unmatched_ostrovok,,,Хужир,Отель Гостиный Двор Вдохновение,"ул. Северная, д. 5/2, Хужир",53.196358,107.35481,34,baza_otdykha_gostiny_dvor_vdokhnovenie,10438999,Отель Гостиный Двор Вдохновение,"ул. Северная, д. 5/2, Хужир",https://ostrovok.ru/hotel/russia/irkutsk/mid10438999/baza_otdykha_gostiny_dvor_vdokhnovenie,34,,,,,
205,unmatched_ostrovok,,,Хужир,Ольхон Инн,"ул.Первомайская, д.1, Хужир",53.19389,107.33785,,olkhon_inn,10005431,Ольхон Инн,"ул.Первомайская, д.1, Хужир",https://ostrovok.ru/hotel/russia/irkutsk/mid10005431/olkhon_inn,,,,,,
206,unmatched_ostrovok,,,Куркут,База отдыха Байкальская Радуга,"Mestnost Kamyshi-2, Куркут",53.030186,106.851425,31,recreation_centre_baikal_rainbow,6341048,База отдыха Байкальская Радуга,"Mestnost Kamyshi-2, Куркут",https://ostrovok.ru/hotel/russia/irkutsk/mid6341048/recreation_centre_baikal_rainbow,31,,,,,
207,unmatched_ostrovok,,,Сарма,Центр отдыха Да-ши,"залив Хужир-Нуга, Сарма",53.080173,106.80518,20,tsentr_otdykha_dashi,8138887,Центр отдыха Да-ши,"залив Хужир-Нуга, Сарма",https://ostrovok.ru/hotel/russia/irkutsk/mid8138887/tsentr_otdykha_dashi,20,,,,,
208,unmatched_ostrovok,,,Хужир,База отдыха Ольхон,"Иркутская область, Ольхонский район, п. Хужир, ул. Байкальская 64/2, Хужир",53.19386,107.354095,50,baza_otdykha_olkhon,11256148,База отдыха Ольхон,"Иркутская область, Ольхонский район, п. Хужир, ул. Байкальская 64/2, Хужир",https://ostrovok.ru/hotel/russia/irkutsk/mid11256148/baza_otdykha_olkhon,50,,,,,
209,unmatched_ostrovok,,,Харанцы,Меблированные комнаты Olkhon Village,"Летняя улица, д. 13, Харанцы",53.222958,107.42975,,olkhon_village_guest_house,13166321,Меблированные комнаты Olkhon Village,"Летняя улица, д. 13, Харанцы",https://ostrovok.ru/hotel/russia/irkutsk/mid13166321/olkhon_village_guest_house,,,,,,
210,unmatched_ostrovok,,,Хужир,Ольхон,"ул. Байкальская 64/2, Хужир",53.193913,107.35411,50,olkhon_2,13368018,Ольхон,"ул. Байкальская 64/2, Хужир",https://ostrovok.ru/hotel/russia/irkutsk/mid13368018/olkhon_2,50,,,,,
211,unmatched_ostrovok,,,Иркутск,Отель Профсоюзная,"улица Байкальская, д.263, Иркутск",52.256462,104.35531,,profsoyuznaya_hotel_4,13870224,Отель Профсоюзная,"улица Байкальская, д.263, Иркутск",https://ostrovok.ru/hotel/russia/irkutsk/mid13870224/profsoyuznaya_hotel_4,,,,,,
212,unmatched_tvil,,,Утулик,"Парк отель ""Байкал""","Утулик, Территория туристической базы ""Байкал""",51.550580,104.038244,9,,,,,,,1434513,"Парк отель ""Байкал""","Утулик, Территория туристической базы ""Байкал""",https://tvil.ru/city/utulik/hotels/1434513/,9
213,unmatched_tvil,,,Иркутск,"Апарт -отель ""BaikalStory ""","Иркутск, улица Лыткина, 9/6",52.263250,104.305015,10,,,,,,,1845315,"Апарт -отель ""BaikalStory ""","Иркутск, улица Лыткина, 9/6",https://tvil.ru/city/irkutsk/hotels/1845315/,10
214,unmatched_tvil,,,Иркутск,"Мини-отель ""Проспект""","Иркутск, проспект Маршала Жукова, 5/4",52.250488,104.353910,4,,,,,,,1889753,"Мини-отель ""Проспект""","Иркутск, проспект Маршала Жукова, 5/4",https://tvil.ru/city/irkutsk/hotels/1889753/,4
215,unmatched_tvil,,,Иркутск,"Апарт-отель ""Sokolov Hotel""","Иркутск, Байкальская улица, 129",52.262627,104.315318,30,,,,,,,1009170,"Апарт-отель ""Sokolov Hotel""","Иркутск, Байкальская улица, 129",https://tvil.ru/city/irkutsk/hotels/1009170/,30
216,unmatched_tvil,,,Иркутск,"Бутик-отель ""География""","Иркутск, улица 3 Июля, 17/1",52.274101,104.288908,12,,,,,,,1298063,"Бутик-отель ""География""","Иркутск, улица 3 Июля, 17/1",https://tvil.ru/city/irkutsk/hotels/1298063/,12
217,unmatched_tvil,,,Иркутск,"Мини-отель ""Nice People""","Иркутск, Ямская улица, 11",52.279812,104.305612,6,,,,,,,1064267,"Мини-отель ""Nice People""","Иркутск, Ямская улица, 11",https://tvil.ru/city/irkutsk/hotels/1064267/,6
218,unmatched_tvil,,,Иркутск,"Гостиница ""Ochagof""","Иркутск, Дальневосточная улица, 21",52.262952,104.297819,23,,,,,,,787596,"Гостиница ""Ochagof""","Иркутск, Дальневосточная улица, 21",https://tvil.ru/city/irkutsk/hotels/787596/,23
219,unmatched_tvil,,,Иркутск,"Гостиница ""Добрый Кот""","Иркутск, улица Румянцева, 22",52.283920,104.252202,10,,,,,,,1390225,"Гостиница ""Добрый Кот""","Иркутск, улица Румянцева, 22",https://tvil.ru/city/irkutsk/hotels/1390225/,10
220,unmatched_tvil,,,Иркутск,"Гостиница ""130Hotel""","Иркутск, улица Лапина, 43А",52.276436,104.290296,12,,,,,,,1491765,"Гостиница ""130Hotel""","Иркутск, улица Лапина, 43А",https://tvil.ru/city/irkutsk/hotels/1491765/,12
221,unmatched_tvil,,,Деревня Курма,"Парк отель ""Уюга""","Деревня Курма, Парк отель ""Уюга""   , б.н",53.167959,106.948010,58,,,,,,,1487384,"Парк отель ""Уюга""","Деревня Курма, Парк отель ""Уюга""   , б.н",https://tvil.ru/city/derevnya-kurma/hotels/1487384/,58
222,unmatched_tvil,,,Ангарск,Гостиница Олимпиада,"Ангарск, улица Чайковского, 48",52.530808,103.877767,25,,,,,,,1690094,Гостиница Олимпиада,"Ангарск, улица Чайковского, 48",https://tvil.ru/city/angarsk/hotels/1690094/,25
223,unmatched_tvil,,,Хужир,"Отель ""Точка Байкала""","Хужир, Байкальская улица, 64",,,38,,,,,,,1913029,"Отель ""Точка Байкала""","Хужир, Байкальская улица, 64",https://tvil.ru/city/huzhir/hotels/1913029/,38
224,unmatched_tvil,,,Иркутск,"Гостиница ""Usadba 50 ( Усадьба 50)""","Иркутск, улица Дзержинского, 50",52.286487,104.298547,15,,,,,,,1048431,"Гостиница ""Usadba 50 ( Усадьба 50)""","Иркутск, улица Дзержинского, 50",https://tvil.ru/city/irkutsk/hotels/1048431/,15
225,unmatched_tvil,,,Иркутск,"Апарт-отель ""Светлый""","Иркутск, Первая, 2а/2",52.260842,104.361912,6,,,,,,,1655828,"Апарт-отель ""Светлый""","Иркутск, Первая, 2а/2",https://tvil.ru/city/irkutsk/hotels/1655828/,6
226,unmatched_tvil,,,Иркутск,"Гостиница"" Аврора""","Иркутск, улица Карла Либкнехта, 7Б",52.288084,104.294656,7,,,,,,,1508283,"Гостиница"" Аврора""","Иркутск, улица Карла Либкнехта, 7Б",https://tvil.ru/city/irkutsk/hotels/1508283/,7
227,unmatched_tvil,,,Иркутск,"Гостиница  ""Воробьевы горы""","Иркутск, Ольхонский район, местность Тутай, 1, 1",53.002109,106.893550,11,,,,,,,1390108,"Гостиница  ""Воробьевы горы""","Иркутск, Ольхонский район, местность Тутай, 1, 1",https://tvil.ru/city/irkutsk/hotels/1390108/,11
228,unmatched_tvil,,,Хужир,Hotel Olhon 2*,"Хужир, Байкальская улица, 64/1",,,28,,,,,,,1097942,Hotel Olhon 2*,"Хужир, Байкальская улица, 64/1",https://tvil.ru/city/huzhir/hotels/1097942/,28
229,unmatched_tvil,,,Ангарск,"Отель"" Арбат""","Ангарск, 192 квартал, 7",52.505832,103.840366,11,,,,,,,1632075,"Отель"" Арбат""","Ангарск, 192 квартал, 7",https://tvil.ru/city/angarsk/hotels/1632075/,11
230,unmatched_tvil,,,Иркутск,Гостиница «Усадьба Егорова»,"Иркутск, улица Грязнова, 2",52.281154,104.285620,10,,,,,,,2032078,Гостиница «Усадьба Егорова»,"Иркутск, улица Грязнова, 2",https://tvil.ru/city/irkutsk/hotels/2032078/,10
231,unmatched_tvil,,,Иркутск,"Бутик-отель ""Маруся""","Иркутск, улица Седова, 12",52.275142,104.288404,14,,,,,,,898794,"Бутик-отель ""Маруся""","Иркутск, улица Седова, 12",https://tvil.ru/city/irkutsk/hotels/898794/,14
232,unmatched_tvil,,,Иркутск,Отель «Байкал-Аляска»,"Иркутск, Старо-Кузьмихинская улица, 37/3",52.250868,104.283563,24,,,,,,,1899852,Отель «Байкал-Аляска»,"Иркутск, Старо-Кузьмихинская улица, 37/3",https://tvil.ru/city/irkutsk/hotels/1899852/,24
233,unmatched_tvil,,,Нижнеудинск,"Отель ""Магистраль""","Нижнеудинск, Красноармейская улица, 43, 43",54.920704,99.048541,21,,,,,,,2036706,"Отель ""Магистраль""","Нижнеудинск, Красноармейская улица, 43, 43",https://tvil.ru/city/nizhneudinsk/hotels/2036706/,21
234,unmatched_tvil,,,Братск,"Отель ""Санаторий Солнечный""","Братск, улица Северный Артек, 10",56.172817,101.664911,125,,,,,,,1367536,"Отель ""Санаторий Солнечный""","Братск, улица Северный Артек, 10",https://tvil.ru/city/bratsk/hotels/1367536/,125
235,unmatched_tvil,,,Ангарск,"Гостиница ""Малый отель""","Ангарск, 7-й микрорайон, 35",52.518307,103.869062,11,,,,,,,2110558,"Гостиница ""Малый отель""","Ангарск, 7-й микрорайон, 35",https://tvil.ru/city/angarsk/hotels/2110558/,11
236,unmatched_tvil,,,Иркутск,"Гостиница ""Березка""","Иркутск, улица Седова, 16/1",52.274658,104.288818,4,,,,,,,1782205,"Гостиница ""Березка""","Иркутск, улица Седова, 16/1",https://tvil.ru/city/irkutsk/hotels/1782205/,4
237,unmatched_tvil,,,Иркутск,"Гостиница ""Спектр""","Иркутск, улица Рабочего Штаба, 97/1",52.321179,104.302147,14,,,,,,,1019043,"Гостиница ""Спектр""","Иркутск, улица Рабочего Штаба, 97/1",https://tvil.ru/city/irkutsk/hotels/1019043/,14
